# Go 1.26.5 zoneinfo.zip / IANA 2025c; LoadLocationFromTZData, Time.Zone
Africa/Abidjan	-9223372036854775808	-968	LMT
Africa/Abidjan	-62167219200	-968	LMT
Africa/Abidjan	0	0	GMT
Africa/Abidjan	1704067200	0	GMT
Africa/Abidjan	1719792000	0	GMT
Africa/Abidjan	4102444800	0	GMT
Africa/Abidjan	4118083200	0	GMT
Africa/Abidjan	9223372036854775807	0	GMT
Africa/Accra	-9223372036854775808	-52	LMT
Africa/Accra	-62167219200	-52	LMT
Africa/Accra	0	0	GMT
Africa/Accra	1704067200	0	GMT
Africa/Accra	1719792000	0	GMT
Africa/Accra	4102444800	0	GMT
Africa/Accra	4118083200	0	GMT
Africa/Accra	9223372036854775807	0	GMT
Africa/Addis_Ababa	-9223372036854775808	9288	LMT
Africa/Addis_Ababa	-62167219200	9288	LMT
Africa/Addis_Ababa	0	10800	EAT
Africa/Addis_Ababa	1704067200	10800	EAT
Africa/Addis_Ababa	1719792000	10800	EAT
Africa/Addis_Ababa	4102444800	10800	EAT
Africa/Addis_Ababa	4118083200	10800	EAT
Africa/Addis_Ababa	9223372036854775807	10800	EAT
Africa/Algiers	-9223372036854775808	732	LMT
Africa/Algiers	-62167219200	732	LMT
Africa/Algiers	0	0	WET
Africa/Algiers	1704067200	3600	CET
Africa/Algiers	1719792000	3600	CET
Africa/Algiers	4102444800	3600	CET
Africa/Algiers	4118083200	3600	CET
Africa/Algiers	9223372036854775807	3600	CET
Africa/Asmara	-9223372036854775808	9332	LMT
Africa/Asmara	-62167219200	9332	LMT
Africa/Asmara	0	10800	EAT
Africa/Asmara	1704067200	10800	EAT
Africa/Asmara	1719792000	10800	EAT
Africa/Asmara	4102444800	10800	EAT
Africa/Asmara	4118083200	10800	EAT
Africa/Asmara	9223372036854775807	10800	EAT
Africa/Asmera	-9223372036854775808	8836	LMT
Africa/Asmera	-62167219200	8836	LMT
Africa/Asmera	0	10800	EAT
Africa/Asmera	1704067200	10800	EAT
Africa/Asmera	1719792000	10800	EAT
Africa/Asmera	4102444800	10800	EAT
Africa/Asmera	4118083200	10800	EAT
Africa/Asmera	9223372036854775807	10800	EAT
Africa/Bamako	-9223372036854775808	-1920	LMT
Africa/Bamako	-62167219200	-1920	LMT
Africa/Bamako	0	0	GMT
Africa/Bamako	1704067200	0	GMT
Africa/Bamako	1719792000	0	GMT
Africa/Bamako	4102444800	0	GMT
Africa/Bamako	4118083200	0	GMT
Africa/Bamako	9223372036854775807	0	GMT
Africa/Bangui	-9223372036854775808	4460	LMT
Africa/Bangui	-62167219200	4460	LMT
Africa/Bangui	0	3600	WAT
Africa/Bangui	1704067200	3600	WAT
Africa/Bangui	1719792000	3600	WAT
Africa/Bangui	4102444800	3600	WAT
Africa/Bangui	4118083200	3600	WAT
Africa/Bangui	9223372036854775807	3600	WAT
Africa/Banjul	-9223372036854775808	-3996	LMT
Africa/Banjul	-62167219200	-3996	LMT
Africa/Banjul	0	0	GMT
Africa/Banjul	1704067200	0	GMT
Africa/Banjul	1719792000	0	GMT
Africa/Banjul	4102444800	0	GMT
Africa/Banjul	4118083200	0	GMT
Africa/Banjul	9223372036854775807	0	GMT
Africa/Bissau	-9223372036854775808	-3740	LMT
Africa/Bissau	-62167219200	-3740	LMT
Africa/Bissau	0	-3600	-01
Africa/Bissau	1704067200	0	GMT
Africa/Bissau	1719792000	0	GMT
Africa/Bissau	4102444800	0	GMT
Africa/Bissau	4118083200	0	GMT
Africa/Bissau	9223372036854775807	0	GMT
Africa/Blantyre	-9223372036854775808	8400	LMT
Africa/Blantyre	-62167219200	8400	LMT
Africa/Blantyre	0	7200	CAT
Africa/Blantyre	1704067200	7200	CAT
Africa/Blantyre	1719792000	7200	CAT
Africa/Blantyre	4102444800	7200	CAT
Africa/Blantyre	4118083200	7200	CAT
Africa/Blantyre	9223372036854775807	7200	CAT
Africa/Brazzaville	-9223372036854775808	3668	LMT
Africa/Brazzaville	-62167219200	3668	LMT
Africa/Brazzaville	0	3600	WAT
Africa/Brazzaville	1704067200	3600	WAT
Africa/Brazzaville	1719792000	3600	WAT
Africa/Brazzaville	4102444800	3600	WAT
Africa/Brazzaville	4118083200	3600	WAT
Africa/Brazzaville	9223372036854775807	3600	WAT
Africa/Bujumbura	-9223372036854775808	7048	LMT
Africa/Bujumbura	-62167219200	7048	LMT
Africa/Bujumbura	0	7200	CAT
Africa/Bujumbura	1704067200	7200	CAT
Africa/Bujumbura	1719792000	7200	CAT
Africa/Bujumbura	4102444800	7200	CAT
Africa/Bujumbura	4118083200	7200	CAT
Africa/Bujumbura	9223372036854775807	7200	CAT
Africa/Cairo	-9223372036854775808	7509	LMT
Africa/Cairo	-62167219200	7509	LMT
Africa/Cairo	0	7200	EET
Africa/Cairo	1704067200	7200	EET
Africa/Cairo	1719792000	10800	EEST
Africa/Cairo	4102444800	7200	EET
Africa/Cairo	4118083200	10800	EEST
Africa/Cairo	9223372036854775807	7200	EET
Africa/Casablanca	-9223372036854775808	-1820	LMT
Africa/Casablanca	-62167219200	-1820	LMT
Africa/Casablanca	0	0	+00
Africa/Casablanca	1704067200	3600	+01
Africa/Casablanca	1719792000	3600	+01
Africa/Casablanca	4102444800	3600	+01
Africa/Casablanca	4118083200	3600	+01
Africa/Casablanca	9223372036854775807	3600	+01
Africa/Ceuta	-9223372036854775808	-1276	LMT
Africa/Ceuta	-62167219200	-1276	LMT
Africa/Ceuta	0	0	WET
Africa/Ceuta	1704067200	3600	CET
Africa/Ceuta	1719792000	7200	CEST
Africa/Ceuta	4102444800	3600	CET
Africa/Ceuta	4118083200	7200	CEST
Africa/Ceuta	9223372036854775807	3600	CET
Africa/Conakry	-9223372036854775808	-3292	LMT
Africa/Conakry	-62167219200	-3292	LMT
Africa/Conakry	0	0	GMT
Africa/Conakry	1704067200	0	GMT
Africa/Conakry	1719792000	0	GMT
Africa/Conakry	4102444800	0	GMT
Africa/Conakry	4118083200	0	GMT
Africa/Conakry	9223372036854775807	0	GMT
Africa/Dakar	-9223372036854775808	-4184	LMT
Africa/Dakar	-62167219200	-4184	LMT
Africa/Dakar	0	0	GMT
Africa/Dakar	1704067200	0	GMT
Africa/Dakar	1719792000	0	GMT
Africa/Dakar	4102444800	0	GMT
Africa/Dakar	4118083200	0	GMT
Africa/Dakar	9223372036854775807	0	GMT
Africa/Dar_es_Salaam	-9223372036854775808	9428	LMT
Africa/Dar_es_Salaam	-62167219200	9428	LMT
Africa/Dar_es_Salaam	0	10800	EAT
Africa/Dar_es_Salaam	1704067200	10800	EAT
Africa/Dar_es_Salaam	1719792000	10800	EAT
Africa/Dar_es_Salaam	4102444800	10800	EAT
Africa/Dar_es_Salaam	4118083200	10800	EAT
Africa/Dar_es_Salaam	9223372036854775807	10800	EAT
Africa/Djibouti	-9223372036854775808	10356	LMT
Africa/Djibouti	-62167219200	10356	LMT
Africa/Djibouti	0	10800	EAT
Africa/Djibouti	1704067200	10800	EAT
Africa/Djibouti	1719792000	10800	EAT
Africa/Djibouti	4102444800	10800	EAT
Africa/Djibouti	4118083200	10800	EAT
Africa/Djibouti	9223372036854775807	10800	EAT
Africa/Douala	-9223372036854775808	2328	LMT
Africa/Douala	-62167219200	2328	LMT
Africa/Douala	0	3600	WAT
Africa/Douala	1704067200	3600	WAT
Africa/Douala	1719792000	3600	WAT
Africa/Douala	4102444800	3600	WAT
Africa/Douala	4118083200	3600	WAT
Africa/Douala	9223372036854775807	3600	WAT
Africa/El_Aaiun	-9223372036854775808	-3168	LMT
Africa/El_Aaiun	-62167219200	-3168	LMT
Africa/El_Aaiun	0	-3600	-01
Africa/El_Aaiun	1704067200	3600	+01
Africa/El_Aaiun	1719792000	3600	+01
Africa/El_Aaiun	4102444800	3600	+01
Africa/El_Aaiun	4118083200	3600	+01
Africa/El_Aaiun	9223372036854775807	3600	+01
Africa/Freetown	-9223372036854775808	-3180	LMT
Africa/Freetown	-62167219200	-3180	LMT
Africa/Freetown	0	0	GMT
Africa/Freetown	1704067200	0	GMT
Africa/Freetown	1719792000	0	GMT
Africa/Freetown	4102444800	0	GMT
Africa/Freetown	4118083200	0	GMT
Africa/Freetown	9223372036854775807	0	GMT
Africa/Gaborone	-9223372036854775808	6220	LMT
Africa/Gaborone	-62167219200	6220	LMT
Africa/Gaborone	0	7200	CAT
Africa/Gaborone	1704067200	7200	CAT
Africa/Gaborone	1719792000	7200	CAT
Africa/Gaborone	4102444800	7200	CAT
Africa/Gaborone	4118083200	7200	CAT
Africa/Gaborone	9223372036854775807	7200	CAT
Africa/Harare	-9223372036854775808	7452	LMT
Africa/Harare	-62167219200	7452	LMT
Africa/Harare	0	7200	CAT
Africa/Harare	1704067200	7200	CAT
Africa/Harare	1719792000	7200	CAT
Africa/Harare	4102444800	7200	CAT
Africa/Harare	4118083200	7200	CAT
Africa/Harare	9223372036854775807	7200	CAT
Africa/Johannesburg	-9223372036854775808	6720	LMT
Africa/Johannesburg	-62167219200	6720	LMT
Africa/Johannesburg	0	7200	SAST
Africa/Johannesburg	1704067200	7200	SAST
Africa/Johannesburg	1719792000	7200	SAST
Africa/Johannesburg	4102444800	7200	SAST
Africa/Johannesburg	4118083200	7200	SAST
Africa/Johannesburg	9223372036854775807	7200	SAST
Africa/Juba	-9223372036854775808	7588	LMT
Africa/Juba	-62167219200	7588	LMT
Africa/Juba	0	7200	CAT
Africa/Juba	1704067200	7200	CAT
Africa/Juba	1719792000	7200	CAT
Africa/Juba	4102444800	7200	CAT
Africa/Juba	4118083200	7200	CAT
Africa/Juba	9223372036854775807	7200	CAT
Africa/Kampala	-9223372036854775808	7780	LMT
Africa/Kampala	-62167219200	7780	LMT
Africa/Kampala	0	10800	EAT
Africa/Kampala	1704067200	10800	EAT
Africa/Kampala	1719792000	10800	EAT
Africa/Kampala	4102444800	10800	EAT
Africa/Kampala	4118083200	10800	EAT
Africa/Kampala	9223372036854775807	10800	EAT
Africa/Khartoum	-9223372036854775808	7808	LMT
Africa/Khartoum	-62167219200	7808	LMT
Africa/Khartoum	0	7200	CAT
Africa/Khartoum	1704067200	7200	CAT
Africa/Khartoum	1719792000	7200	CAT
Africa/Khartoum	4102444800	7200	CAT
Africa/Khartoum	4118083200	7200	CAT
Africa/Khartoum	9223372036854775807	7200	CAT
Africa/Kigali	-9223372036854775808	7216	LMT
Africa/Kigali	-62167219200	7216	LMT
Africa/Kigali	0	7200	CAT
Africa/Kigali	1704067200	7200	CAT
Africa/Kigali	1719792000	7200	CAT
Africa/Kigali	4102444800	7200	CAT
Africa/Kigali	4118083200	7200	CAT
Africa/Kigali	9223372036854775807	7200	CAT
Africa/Kinshasa	-9223372036854775808	3672	LMT
Africa/Kinshasa	-62167219200	3672	LMT
Africa/Kinshasa	0	3600	WAT
Africa/Kinshasa	1704067200	3600	WAT
Africa/Kinshasa	1719792000	3600	WAT
Africa/Kinshasa	4102444800	3600	WAT
Africa/Kinshasa	4118083200	3600	WAT
Africa/Kinshasa	9223372036854775807	3600	WAT
Africa/Lagos	-9223372036854775808	815	LMT
Africa/Lagos	-62167219200	815	LMT
Africa/Lagos	0	3600	WAT
Africa/Lagos	1704067200	3600	WAT
Africa/Lagos	1719792000	3600	WAT
Africa/Lagos	4102444800	3600	WAT
Africa/Lagos	4118083200	3600	WAT
Africa/Lagos	9223372036854775807	3600	WAT
Africa/Libreville	-9223372036854775808	2268	LMT
Africa/Libreville	-62167219200	2268	LMT
Africa/Libreville	0	3600	WAT
Africa/Libreville	1704067200	3600	WAT
Africa/Libreville	1719792000	3600	WAT
Africa/Libreville	4102444800	3600	WAT
Africa/Libreville	4118083200	3600	WAT
Africa/Libreville	9223372036854775807	3600	WAT
Africa/Lome	-9223372036854775808	292	LMT
Africa/Lome	-62167219200	292	LMT
Africa/Lome	0	0	GMT
Africa/Lome	1704067200	0	GMT
Africa/Lome	1719792000	0	GMT
Africa/Lome	4102444800	0	GMT
Africa/Lome	4118083200	0	GMT
Africa/Lome	9223372036854775807	0	GMT
Africa/Luanda	-9223372036854775808	3176	LMT
Africa/Luanda	-62167219200	3176	LMT
Africa/Luanda	0	3600	WAT
Africa/Luanda	1704067200	3600	WAT
Africa/Luanda	1719792000	3600	WAT
Africa/Luanda	4102444800	3600	WAT
Africa/Luanda	4118083200	3600	WAT
Africa/Luanda	9223372036854775807	3600	WAT
Africa/Lubumbashi	-9223372036854775808	6592	LMT
Africa/Lubumbashi	-62167219200	6592	LMT
Africa/Lubumbashi	0	7200	CAT
Africa/Lubumbashi	1704067200	7200	CAT
Africa/Lubumbashi	1719792000	7200	CAT
Africa/Lubumbashi	4102444800	7200	CAT
Africa/Lubumbashi	4118083200	7200	CAT
Africa/Lubumbashi	9223372036854775807	7200	CAT
Africa/Lusaka	-9223372036854775808	6788	LMT
Africa/Lusaka	-62167219200	6788	LMT
Africa/Lusaka	0	7200	CAT
Africa/Lusaka	1704067200	7200	CAT
Africa/Lusaka	1719792000	7200	CAT
Africa/Lusaka	4102444800	7200	CAT
Africa/Lusaka	4118083200	7200	CAT
Africa/Lusaka	9223372036854775807	7200	CAT
Africa/Malabo	-9223372036854775808	2108	LMT
Africa/Malabo	-62167219200	2108	LMT
Africa/Malabo	0	3600	WAT
Africa/Malabo	1704067200	3600	WAT
Africa/Malabo	1719792000	3600	WAT
Africa/Malabo	4102444800	3600	WAT
Africa/Malabo	4118083200	3600	WAT
Africa/Malabo	9223372036854775807	3600	WAT
Africa/Maputo	-9223372036854775808	7818	LMT
Africa/Maputo	-62167219200	7818	LMT
Africa/Maputo	0	7200	CAT
Africa/Maputo	1704067200	7200	CAT
Africa/Maputo	1719792000	7200	CAT
Africa/Maputo	4102444800	7200	CAT
Africa/Maputo	4118083200	7200	CAT
Africa/Maputo	9223372036854775807	7200	CAT
Africa/Maseru	-9223372036854775808	6600	LMT
Africa/Maseru	-62167219200	6600	LMT
Africa/Maseru	0	7200	SAST
Africa/Maseru	1704067200	7200	SAST
Africa/Maseru	1719792000	7200	SAST
Africa/Maseru	4102444800	7200	SAST
Africa/Maseru	4118083200	7200	SAST
Africa/Maseru	9223372036854775807	7200	SAST
Africa/Mbabane	-9223372036854775808	7464	LMT
Africa/Mbabane	-62167219200	7464	LMT
Africa/Mbabane	0	7200	SAST
Africa/Mbabane	1704067200	7200	SAST
Africa/Mbabane	1719792000	7200	SAST
Africa/Mbabane	4102444800	7200	SAST
Africa/Mbabane	4118083200	7200	SAST
Africa/Mbabane	9223372036854775807	7200	SAST
Africa/Mogadishu	-9223372036854775808	10888	LMT
Africa/Mogadishu	-62167219200	10888	LMT
Africa/Mogadishu	0	10800	EAT
Africa/Mogadishu	1704067200	10800	EAT
Africa/Mogadishu	1719792000	10800	EAT
Africa/Mogadishu	4102444800	10800	EAT
Africa/Mogadishu	4118083200	10800	EAT
Africa/Mogadishu	9223372036854775807	10800	EAT
Africa/Monrovia	-9223372036854775808	-2588	LMT
Africa/Monrovia	-62167219200	-2588	LMT
Africa/Monrovia	0	-2670	MMT
Africa/Monrovia	1704067200	0	GMT
Africa/Monrovia	1719792000	0	GMT
Africa/Monrovia	4102444800	0	GMT
Africa/Monrovia	4118083200	0	GMT
Africa/Monrovia	9223372036854775807	0	GMT
Africa/Nairobi	-9223372036854775808	8836	LMT
Africa/Nairobi	-62167219200	8836	LMT
Africa/Nairobi	0	10800	EAT
Africa/Nairobi	1704067200	10800	EAT
Africa/Nairobi	1719792000	10800	EAT
Africa/Nairobi	4102444800	10800	EAT
Africa/Nairobi	4118083200	10800	EAT
Africa/Nairobi	9223372036854775807	10800	EAT
Africa/Ndjamena	-9223372036854775808	3612	LMT
Africa/Ndjamena	-62167219200	3612	LMT
Africa/Ndjamena	0	3600	WAT
Africa/Ndjamena	1704067200	3600	WAT
Africa/Ndjamena	1719792000	3600	WAT
Africa/Ndjamena	4102444800	3600	WAT
Africa/Ndjamena	4118083200	3600	WAT
Africa/Ndjamena	9223372036854775807	3600	WAT
Africa/Niamey	-9223372036854775808	508	LMT
Africa/Niamey	-62167219200	508	LMT
Africa/Niamey	0	3600	WAT
Africa/Niamey	1704067200	3600	WAT
Africa/Niamey	1719792000	3600	WAT
Africa/Niamey	4102444800	3600	WAT
Africa/Niamey	4118083200	3600	WAT
Africa/Niamey	9223372036854775807	3600	WAT
Africa/Nouakchott	-9223372036854775808	-3828	LMT
Africa/Nouakchott	-62167219200	-3828	LMT
Africa/Nouakchott	0	0	GMT
Africa/Nouakchott	1704067200	0	GMT
Africa/Nouakchott	1719792000	0	GMT
Africa/Nouakchott	4102444800	0	GMT
Africa/Nouakchott	4118083200	0	GMT
Africa/Nouakchott	9223372036854775807	0	GMT
Africa/Ouagadougou	-9223372036854775808	-364	LMT
Africa/Ouagadougou	-62167219200	-364	LMT
Africa/Ouagadougou	0	0	GMT
Africa/Ouagadougou	1704067200	0	GMT
Africa/Ouagadougou	1719792000	0	GMT
Africa/Ouagadougou	4102444800	0	GMT
Africa/Ouagadougou	4118083200	0	GMT
Africa/Ouagadougou	9223372036854775807	0	GMT
Africa/Porto-Novo	-9223372036854775808	628	LMT
Africa/Porto-Novo	-62167219200	628	LMT
Africa/Porto-Novo	0	3600	WAT
Africa/Porto-Novo	1704067200	3600	WAT
Africa/Porto-Novo	1719792000	3600	WAT
Africa/Porto-Novo	4102444800	3600	WAT
Africa/Porto-Novo	4118083200	3600	WAT
Africa/Porto-Novo	9223372036854775807	3600	WAT
Africa/Sao_Tome	-9223372036854775808	1616	LMT
Africa/Sao_Tome	-62167219200	1616	LMT
Africa/Sao_Tome	0	0	GMT
Africa/Sao_Tome	1704067200	0	GMT
Africa/Sao_Tome	1719792000	0	GMT
Africa/Sao_Tome	4102444800	0	GMT
Africa/Sao_Tome	4118083200	0	GMT
Africa/Sao_Tome	9223372036854775807	0	GMT
Africa/Timbuktu	-9223372036854775808	-968	LMT
Africa/Timbuktu	-62167219200	-968	LMT
Africa/Timbuktu	0	0	GMT
Africa/Timbuktu	1704067200	0	GMT
Africa/Timbuktu	1719792000	0	GMT
Africa/Timbuktu	4102444800	0	GMT
Africa/Timbuktu	4118083200	0	GMT
Africa/Timbuktu	9223372036854775807	0	GMT
Africa/Tripoli	-9223372036854775808	3164	LMT
Africa/Tripoli	-62167219200	3164	LMT
Africa/Tripoli	0	7200	EET
Africa/Tripoli	1704067200	7200	EET
Africa/Tripoli	1719792000	7200	EET
Africa/Tripoli	4102444800	7200	EET
Africa/Tripoli	4118083200	7200	EET
Africa/Tripoli	9223372036854775807	7200	EET
Africa/Tunis	-9223372036854775808	2444	LMT
Africa/Tunis	-62167219200	2444	LMT
Africa/Tunis	0	3600	CET
Africa/Tunis	1704067200	3600	CET
Africa/Tunis	1719792000	3600	CET
Africa/Tunis	4102444800	3600	CET
Africa/Tunis	4118083200	3600	CET
Africa/Tunis	9223372036854775807	3600	CET
Africa/Windhoek	-9223372036854775808	4104	LMT
Africa/Windhoek	-62167219200	4104	LMT
Africa/Windhoek	0	7200	SAST
Africa/Windhoek	1704067200	7200	CAT
Africa/Windhoek	1719792000	7200	CAT
Africa/Windhoek	4102444800	7200	CAT
Africa/Windhoek	4118083200	7200	CAT
Africa/Windhoek	9223372036854775807	7200	CAT
America/Adak	-9223372036854775808	44002	LMT
America/Adak	-62167219200	44002	LMT
America/Adak	0	-39600	BST
America/Adak	1704067200	-36000	HST
America/Adak	1719792000	-32400	HDT
America/Adak	4102444800	-36000	HST
America/Adak	4118083200	-32400	HDT
America/Adak	9223372036854775807	-36000	HST
America/Anchorage	-9223372036854775808	50424	LMT
America/Anchorage	-62167219200	50424	LMT
America/Anchorage	0	-36000	AHST
America/Anchorage	1704067200	-32400	AKST
America/Anchorage	1719792000	-28800	AKDT
America/Anchorage	4102444800	-32400	AKST
America/Anchorage	4118083200	-28800	AKDT
America/Anchorage	9223372036854775807	-32400	AKST
America/Anguilla	-9223372036854775808	-15136	LMT
America/Anguilla	-62167219200	-15136	LMT
America/Anguilla	0	-14400	AST
America/Anguilla	1704067200	-14400	AST
America/Anguilla	1719792000	-14400	AST
America/Anguilla	4102444800	-14400	AST
America/Anguilla	4118083200	-14400	AST
America/Anguilla	9223372036854775807	-14400	AST
America/Antigua	-9223372036854775808	-14832	LMT
America/Antigua	-62167219200	-14832	LMT
America/Antigua	0	-14400	AST
America/Antigua	1704067200	-14400	AST
America/Antigua	1719792000	-14400	AST
America/Antigua	4102444800	-14400	AST
America/Antigua	4118083200	-14400	AST
America/Antigua	9223372036854775807	-14400	AST
America/Araguaina	-9223372036854775808	-11568	LMT
America/Araguaina	-62167219200	-11568	LMT
America/Araguaina	0	-10800	-03
America/Araguaina	1704067200	-10800	-03
America/Araguaina	1719792000	-10800	-03
America/Araguaina	4102444800	-10800	-03
America/Araguaina	4118083200	-10800	-03
America/Araguaina	9223372036854775807	-10800	-03
America/Argentina/Buenos_Aires	-9223372036854775808	-14028	LMT
America/Argentina/Buenos_Aires	-62167219200	-14028	LMT
America/Argentina/Buenos_Aires	0	-10800	-03
America/Argentina/Buenos_Aires	1704067200	-10800	-03
America/Argentina/Buenos_Aires	1719792000	-10800	-03
America/Argentina/Buenos_Aires	4102444800	-10800	-03
America/Argentina/Buenos_Aires	4118083200	-10800	-03
America/Argentina/Buenos_Aires	9223372036854775807	-10800	-03
America/Argentina/Catamarca	-9223372036854775808	-15788	LMT
America/Argentina/Catamarca	-62167219200	-15788	LMT
America/Argentina/Catamarca	0	-10800	-03
America/Argentina/Catamarca	1704067200	-10800	-03
America/Argentina/Catamarca	1719792000	-10800	-03
America/Argentina/Catamarca	4102444800	-10800	-03
America/Argentina/Catamarca	4118083200	-10800	-03
America/Argentina/Catamarca	9223372036854775807	-10800	-03
America/Argentina/ComodRivadavia	-9223372036854775808	-15788	LMT
America/Argentina/ComodRivadavia	-62167219200	-15788	LMT
America/Argentina/ComodRivadavia	0	-10800	-03
America/Argentina/ComodRivadavia	1704067200	-10800	-03
America/Argentina/ComodRivadavia	1719792000	-10800	-03
America/Argentina/ComodRivadavia	4102444800	-10800	-03
America/Argentina/ComodRivadavia	4118083200	-10800	-03
America/Argentina/ComodRivadavia	9223372036854775807	-10800	-03
America/Argentina/Cordoba	-9223372036854775808	-15408	LMT
America/Argentina/Cordoba	-62167219200	-15408	LMT
America/Argentina/Cordoba	0	-10800	-03
America/Argentina/Cordoba	1704067200	-10800	-03
America/Argentina/Cordoba	1719792000	-10800	-03
America/Argentina/Cordoba	4102444800	-10800	-03
America/Argentina/Cordoba	4118083200	-10800	-03
America/Argentina/Cordoba	9223372036854775807	-10800	-03
America/Argentina/Jujuy	-9223372036854775808	-15672	LMT
America/Argentina/Jujuy	-62167219200	-15672	LMT
America/Argentina/Jujuy	0	-10800	-03
America/Argentina/Jujuy	1704067200	-10800	-03
America/Argentina/Jujuy	1719792000	-10800	-03
America/Argentina/Jujuy	4102444800	-10800	-03
America/Argentina/Jujuy	4118083200	-10800	-03
America/Argentina/Jujuy	9223372036854775807	-10800	-03
America/Argentina/La_Rioja	-9223372036854775808	-16044	LMT
America/Argentina/La_Rioja	-62167219200	-16044	LMT
America/Argentina/La_Rioja	0	-10800	-03
America/Argentina/La_Rioja	1704067200	-10800	-03
America/Argentina/La_Rioja	1719792000	-10800	-03
America/Argentina/La_Rioja	4102444800	-10800	-03
America/Argentina/La_Rioja	4118083200	-10800	-03
America/Argentina/La_Rioja	9223372036854775807	-10800	-03
America/Argentina/Mendoza	-9223372036854775808	-16516	LMT
America/Argentina/Mendoza	-62167219200	-16516	LMT
America/Argentina/Mendoza	0	-10800	-03
America/Argentina/Mendoza	1704067200	-10800	-03
America/Argentina/Mendoza	1719792000	-10800	-03
America/Argentina/Mendoza	4102444800	-10800	-03
America/Argentina/Mendoza	4118083200	-10800	-03
America/Argentina/Mendoza	9223372036854775807	-10800	-03
America/Argentina/Rio_Gallegos	-9223372036854775808	-16612	LMT
America/Argentina/Rio_Gallegos	-62167219200	-16612	LMT
America/Argentina/Rio_Gallegos	0	-10800	-03
America/Argentina/Rio_Gallegos	1704067200	-10800	-03
America/Argentina/Rio_Gallegos	1719792000	-10800	-03
America/Argentina/Rio_Gallegos	4102444800	-10800	-03
America/Argentina/Rio_Gallegos	4118083200	-10800	-03
America/Argentina/Rio_Gallegos	9223372036854775807	-10800	-03
America/Argentina/Salta	-9223372036854775808	-15700	LMT
America/Argentina/Salta	-62167219200	-15700	LMT
America/Argentina/Salta	0	-10800	-03
America/Argentina/Salta	1704067200	-10800	-03
America/Argentina/Salta	1719792000	-10800	-03
America/Argentina/Salta	4102444800	-10800	-03
America/Argentina/Salta	4118083200	-10800	-03
America/Argentina/Salta	9223372036854775807	-10800	-03
America/Argentina/San_Juan	-9223372036854775808	-16444	LMT
America/Argentina/San_Juan	-62167219200	-16444	LMT
America/Argentina/San_Juan	0	-10800	-03
America/Argentina/San_Juan	1704067200	-10800	-03
America/Argentina/San_Juan	1719792000	-10800	-03
America/Argentina/San_Juan	4102444800	-10800	-03
America/Argentina/San_Juan	4118083200	-10800	-03
America/Argentina/San_Juan	9223372036854775807	-10800	-03
America/Argentina/San_Luis	-9223372036854775808	-15924	LMT
America/Argentina/San_Luis	-62167219200	-15924	LMT
America/Argentina/San_Luis	0	-10800	-03
America/Argentina/San_Luis	1704067200	-10800	-03
America/Argentina/San_Luis	1719792000	-10800	-03
America/Argentina/San_Luis	4102444800	-10800	-03
America/Argentina/San_Luis	4118083200	-10800	-03
America/Argentina/San_Luis	9223372036854775807	-10800	-03
America/Argentina/Tucuman	-9223372036854775808	-15652	LMT
America/Argentina/Tucuman	-62167219200	-15652	LMT
America/Argentina/Tucuman	0	-10800	-03
America/Argentina/Tucuman	1704067200	-10800	-03
America/Argentina/Tucuman	1719792000	-10800	-03
America/Argentina/Tucuman	4102444800	-10800	-03
America/Argentina/Tucuman	4118083200	-10800	-03
America/Argentina/Tucuman	9223372036854775807	-10800	-03
America/Argentina/Ushuaia	-9223372036854775808	-16392	LMT
America/Argentina/Ushuaia	-62167219200	-16392	LMT
America/Argentina/Ushuaia	0	-10800	-03
America/Argentina/Ushuaia	1704067200	-10800	-03
America/Argentina/Ushuaia	1719792000	-10800	-03
America/Argentina/Ushuaia	4102444800	-10800	-03
America/Argentina/Ushuaia	4118083200	-10800	-03
America/Argentina/Ushuaia	9223372036854775807	-10800	-03
America/Aruba	-9223372036854775808	-16824	LMT
America/Aruba	-62167219200	-16824	LMT
America/Aruba	0	-14400	AST
America/Aruba	1704067200	-14400	AST
America/Aruba	1719792000	-14400	AST
America/Aruba	4102444800	-14400	AST
America/Aruba	4118083200	-14400	AST
America/Aruba	9223372036854775807	-14400	AST
America/Asuncion	-9223372036854775808	-13840	LMT
America/Asuncion	-62167219200	-13840	LMT
America/Asuncion	0	-14400	-04
America/Asuncion	1704067200	-10800	-03
America/Asuncion	1719792000	-14400	-04
America/Asuncion	4102444800	-10800	-03
America/Asuncion	4118083200	-10800	-03
America/Asuncion	9223372036854775807	-10800	-03
America/Atikokan	-9223372036854775808	-21988	LMT
America/Atikokan	-62167219200	-21988	LMT
America/Atikokan	0	-18000	EST
America/Atikokan	1704067200	-18000	EST
America/Atikokan	1719792000	-18000	EST
America/Atikokan	4102444800	-18000	EST
America/Atikokan	4118083200	-18000	EST
America/Atikokan	9223372036854775807	-18000	EST
America/Atka	-9223372036854775808	44002	LMT
America/Atka	-62167219200	44002	LMT
America/Atka	0	-39600	BST
America/Atka	1704067200	-36000	HST
America/Atka	1719792000	-32400	HDT
America/Atka	4102444800	-36000	HST
America/Atka	4118083200	-32400	HDT
America/Atka	9223372036854775807	-36000	HST
America/Bahia	-9223372036854775808	-9244	LMT
America/Bahia	-62167219200	-9244	LMT
America/Bahia	0	-10800	-03
America/Bahia	1704067200	-10800	-03
America/Bahia	1719792000	-10800	-03
America/Bahia	4102444800	-10800	-03
America/Bahia	4118083200	-10800	-03
America/Bahia	9223372036854775807	-10800	-03
America/Bahia_Banderas	-9223372036854775808	-25260	LMT
America/Bahia_Banderas	-62167219200	-25260	LMT
America/Bahia_Banderas	0	-25200	MST
America/Bahia_Banderas	1704067200	-21600	CST
America/Bahia_Banderas	1719792000	-21600	CST
America/Bahia_Banderas	4102444800	-21600	CST
America/Bahia_Banderas	4118083200	-21600	CST
America/Bahia_Banderas	9223372036854775807	-21600	CST
America/Barbados	-9223372036854775808	-14309	LMT
America/Barbados	-62167219200	-14309	LMT
America/Barbados	0	-14400	AST
America/Barbados	1704067200	-14400	AST
America/Barbados	1719792000	-14400	AST
America/Barbados	4102444800	-14400	AST
America/Barbados	4118083200	-14400	AST
America/Barbados	9223372036854775807	-14400	AST
America/Belem	-9223372036854775808	-11636	LMT
America/Belem	-62167219200	-11636	LMT
America/Belem	0	-10800	-03
America/Belem	1704067200	-10800	-03
America/Belem	1719792000	-10800	-03
America/Belem	4102444800	-10800	-03
America/Belem	4118083200	-10800	-03
America/Belem	9223372036854775807	-10800	-03
America/Belize	-9223372036854775808	-21168	LMT
America/Belize	-62167219200	-21168	LMT
America/Belize	0	-21600	CST
America/Belize	1704067200	-21600	CST
America/Belize	1719792000	-21600	CST
America/Belize	4102444800	-21600	CST
America/Belize	4118083200	-21600	CST
America/Belize	9223372036854775807	-21600	CST
America/Blanc-Sablon	-9223372036854775808	-13708	LMT
America/Blanc-Sablon	-62167219200	-13708	LMT
America/Blanc-Sablon	0	-14400	AST
America/Blanc-Sablon	1704067200	-14400	AST
America/Blanc-Sablon	1719792000	-14400	AST
America/Blanc-Sablon	4102444800	-14400	AST
America/Blanc-Sablon	4118083200	-14400	AST
America/Blanc-Sablon	9223372036854775807	-14400	AST
America/Boa_Vista	-9223372036854775808	-14560	LMT
America/Boa_Vista	-62167219200	-14560	LMT
America/Boa_Vista	0	-14400	-04
America/Boa_Vista	1704067200	-14400	-04
America/Boa_Vista	1719792000	-14400	-04
America/Boa_Vista	4102444800	-14400	-04
America/Boa_Vista	4118083200	-14400	-04
America/Boa_Vista	9223372036854775807	-14400	-04
America/Bogota	-9223372036854775808	-17776	LMT
America/Bogota	-62167219200	-17776	LMT
America/Bogota	0	-18000	-05
America/Bogota	1704067200	-18000	-05
America/Bogota	1719792000	-18000	-05
America/Bogota	4102444800	-18000	-05
America/Bogota	4118083200	-18000	-05
America/Bogota	9223372036854775807	-18000	-05
America/Boise	-9223372036854775808	-27889	LMT
America/Boise	-62167219200	-27889	LMT
America/Boise	0	-25200	MST
America/Boise	1704067200	-25200	MST
America/Boise	1719792000	-21600	MDT
America/Boise	4102444800	-25200	MST
America/Boise	4118083200	-21600	MDT
America/Boise	9223372036854775807	-25200	MST
America/Buenos_Aires	-9223372036854775808	-14028	LMT
America/Buenos_Aires	-62167219200	-14028	LMT
America/Buenos_Aires	0	-10800	-03
America/Buenos_Aires	1704067200	-10800	-03
America/Buenos_Aires	1719792000	-10800	-03
America/Buenos_Aires	4102444800	-10800	-03
America/Buenos_Aires	4118083200	-10800	-03
America/Buenos_Aires	9223372036854775807	-10800	-03
America/Cambridge_Bay	-9223372036854775808	0	-00
America/Cambridge_Bay	-62167219200	0	-00
America/Cambridge_Bay	0	-25200	MST
America/Cambridge_Bay	1704067200	-25200	MST
America/Cambridge_Bay	1719792000	-21600	MDT
America/Cambridge_Bay	4102444800	-25200	MST
America/Cambridge_Bay	4118083200	-21600	MDT
America/Cambridge_Bay	9223372036854775807	-25200	MST
America/Campo_Grande	-9223372036854775808	-13108	LMT
America/Campo_Grande	-62167219200	-13108	LMT
America/Campo_Grande	0	-14400	-04
America/Campo_Grande	1704067200	-14400	-04
America/Campo_Grande	1719792000	-14400	-04
America/Campo_Grande	4102444800	-14400	-04
America/Campo_Grande	4118083200	-14400	-04
America/Campo_Grande	9223372036854775807	-14400	-04
America/Cancun	-9223372036854775808	-20824	LMT
America/Cancun	-62167219200	-20824	LMT
America/Cancun	0	-21600	CST
America/Cancun	1704067200	-18000	EST
America/Cancun	1719792000	-18000	EST
America/Cancun	4102444800	-18000	EST
America/Cancun	4118083200	-18000	EST
America/Cancun	9223372036854775807	-18000	EST
America/Caracas	-9223372036854775808	-16064	LMT
America/Caracas	-62167219200	-16064	LMT
America/Caracas	0	-14400	-04
America/Caracas	1704067200	-14400	-04
America/Caracas	1719792000	-14400	-04
America/Caracas	4102444800	-14400	-04
America/Caracas	4118083200	-14400	-04
America/Caracas	9223372036854775807	-14400	-04
America/Catamarca	-9223372036854775808	-15788	LMT
America/Catamarca	-62167219200	-15788	LMT
America/Catamarca	0	-10800	-03
America/Catamarca	1704067200	-10800	-03
America/Catamarca	1719792000	-10800	-03
America/Catamarca	4102444800	-10800	-03
America/Catamarca	4118083200	-10800	-03
America/Catamarca	9223372036854775807	-10800	-03
America/Cayenne	-9223372036854775808	-12560	LMT
America/Cayenne	-62167219200	-12560	LMT
America/Cayenne	0	-10800	-03
America/Cayenne	1704067200	-10800	-03
America/Cayenne	1719792000	-10800	-03
America/Cayenne	4102444800	-10800	-03
America/Cayenne	4118083200	-10800	-03
America/Cayenne	9223372036854775807	-10800	-03
America/Cayman	-9223372036854775808	-19532	LMT
America/Cayman	-62167219200	-19532	LMT
America/Cayman	0	-18000	EST
America/Cayman	1704067200	-18000	EST
America/Cayman	1719792000	-18000	EST
America/Cayman	4102444800	-18000	EST
America/Cayman	4118083200	-18000	EST
America/Cayman	9223372036854775807	-18000	EST
America/Chicago	-9223372036854775808	-21036	LMT
America/Chicago	-62167219200	-21036	LMT
America/Chicago	0	-21600	CST
America/Chicago	1704067200	-21600	CST
America/Chicago	1719792000	-18000	CDT
America/Chicago	4102444800	-21600	CST
America/Chicago	4118083200	-18000	CDT
America/Chicago	9223372036854775807	-21600	CST
America/Chihuahua	-9223372036854775808	-25460	LMT
America/Chihuahua	-62167219200	-25460	LMT
America/Chihuahua	0	-21600	CST
America/Chihuahua	1704067200	-21600	CST
America/Chihuahua	1719792000	-21600	CST
America/Chihuahua	4102444800	-21600	CST
America/Chihuahua	4118083200	-21600	CST
America/Chihuahua	9223372036854775807	-21600	CST
America/Ciudad_Juarez	-9223372036854775808	-25556	LMT
America/Ciudad_Juarez	-62167219200	-25556	LMT
America/Ciudad_Juarez	0	-21600	CST
America/Ciudad_Juarez	1704067200	-25200	MST
America/Ciudad_Juarez	1719792000	-21600	MDT
America/Ciudad_Juarez	4102444800	-25200	MST
America/Ciudad_Juarez	4118083200	-21600	MDT
America/Ciudad_Juarez	9223372036854775807	-25200	MST
America/Coral_Harbour	-9223372036854775808	-19088	LMT
America/Coral_Harbour	-62167219200	-19088	LMT
America/Coral_Harbour	0	-18000	EST
America/Coral_Harbour	1704067200	-18000	EST
America/Coral_Harbour	1719792000	-18000	EST
America/Coral_Harbour	4102444800	-18000	EST
America/Coral_Harbour	4118083200	-18000	EST
America/Coral_Harbour	9223372036854775807	-18000	EST
America/Cordoba	-9223372036854775808	-15408	LMT
America/Cordoba	-62167219200	-15408	LMT
America/Cordoba	0	-10800	-03
America/Cordoba	1704067200	-10800	-03
America/Cordoba	1719792000	-10800	-03
America/Cordoba	4102444800	-10800	-03
America/Cordoba	4118083200	-10800	-03
America/Cordoba	9223372036854775807	-10800	-03
America/Costa_Rica	-9223372036854775808	-20173	LMT
America/Costa_Rica	-62167219200	-20173	LMT
America/Costa_Rica	0	-21600	CST
America/Costa_Rica	1704067200	-21600	CST
America/Costa_Rica	1719792000	-21600	CST
America/Costa_Rica	4102444800	-21600	CST
America/Costa_Rica	4118083200	-21600	CST
America/Costa_Rica	9223372036854775807	-21600	CST
America/Coyhaique	-9223372036854775808	-17296	LMT
America/Coyhaique	-62167219200	-17296	LMT
America/Coyhaique	0	-10800	-03
America/Coyhaique	1704067200	-10800	-03
America/Coyhaique	1719792000	-14400	-04
America/Coyhaique	4102444800	-10800	-03
America/Coyhaique	4118083200	-10800	-03
America/Coyhaique	9223372036854775807	-10800	-03
America/Creston	-9223372036854775808	-27964	LMT
America/Creston	-62167219200	-27964	LMT
America/Creston	0	-25200	MST
America/Creston	1704067200	-25200	MST
America/Creston	1719792000	-25200	MST
America/Creston	4102444800	-25200	MST
America/Creston	4118083200	-25200	MST
America/Creston	9223372036854775807	-25200	MST
America/Cuiaba	-9223372036854775808	-13460	LMT
America/Cuiaba	-62167219200	-13460	LMT
America/Cuiaba	0	-14400	-04
America/Cuiaba	1704067200	-14400	-04
America/Cuiaba	1719792000	-14400	-04
America/Cuiaba	4102444800	-14400	-04
America/Cuiaba	4118083200	-14400	-04
America/Cuiaba	9223372036854775807	-14400	-04
America/Curacao	-9223372036854775808	-16547	LMT
America/Curacao	-62167219200	-16547	LMT
America/Curacao	0	-14400	AST
America/Curacao	1704067200	-14400	AST
America/Curacao	1719792000	-14400	AST
America/Curacao	4102444800	-14400	AST
America/Curacao	4118083200	-14400	AST
America/Curacao	9223372036854775807	-14400	AST
America/Danmarkshavn	-9223372036854775808	-4480	LMT
America/Danmarkshavn	-62167219200	-4480	LMT
America/Danmarkshavn	0	-10800	-03
America/Danmarkshavn	1704067200	0	GMT
America/Danmarkshavn	1719792000	0	GMT
America/Danmarkshavn	4102444800	0	GMT
America/Danmarkshavn	4118083200	0	GMT
America/Danmarkshavn	9223372036854775807	0	GMT
America/Dawson	-9223372036854775808	-33460	LMT
America/Dawson	-62167219200	-33460	LMT
America/Dawson	0	-32400	YST
America/Dawson	1704067200	-25200	MST
America/Dawson	1719792000	-25200	MST
America/Dawson	4102444800	-25200	MST
America/Dawson	4118083200	-25200	MST
America/Dawson	9223372036854775807	-25200	MST
America/Dawson_Creek	-9223372036854775808	-28856	LMT
America/Dawson_Creek	-62167219200	-28856	LMT
America/Dawson_Creek	0	-28800	PST
America/Dawson_Creek	1704067200	-25200	MST
America/Dawson_Creek	1719792000	-25200	MST
America/Dawson_Creek	4102444800	-25200	MST
America/Dawson_Creek	4118083200	-25200	MST
America/Dawson_Creek	9223372036854775807	-25200	MST
America/Denver	-9223372036854775808	-25196	LMT
America/Denver	-62167219200	-25196	LMT
America/Denver	0	-25200	MST
America/Denver	1704067200	-25200	MST
America/Denver	1719792000	-21600	MDT
America/Denver	4102444800	-25200	MST
America/Denver	4118083200	-21600	MDT
America/Denver	9223372036854775807	-25200	MST
America/Detroit	-9223372036854775808	-19931	LMT
America/Detroit	-62167219200	-19931	LMT
America/Detroit	0	-18000	EST
America/Detroit	1704067200	-18000	EST
America/Detroit	1719792000	-14400	EDT
America/Detroit	4102444800	-18000	EST
America/Detroit	4118083200	-14400	EDT
America/Detroit	9223372036854775807	-18000	EST
America/Dominica	-9223372036854775808	-14736	LMT
America/Dominica	-62167219200	-14736	LMT
America/Dominica	0	-14400	AST
America/Dominica	1704067200	-14400	AST
America/Dominica	1719792000	-14400	AST
America/Dominica	4102444800	-14400	AST
America/Dominica	4118083200	-14400	AST
America/Dominica	9223372036854775807	-14400	AST
America/Edmonton	-9223372036854775808	-27232	LMT
America/Edmonton	-62167219200	-27232	LMT
America/Edmonton	0	-25200	MST
America/Edmonton	1704067200	-25200	MST
America/Edmonton	1719792000	-21600	MDT
America/Edmonton	4102444800	-25200	MST
America/Edmonton	4118083200	-21600	MDT
America/Edmonton	9223372036854775807	-25200	MST
America/Eirunepe	-9223372036854775808	-16768	LMT
America/Eirunepe	-62167219200	-16768	LMT
America/Eirunepe	0	-18000	-05
America/Eirunepe	1704067200	-18000	-05
America/Eirunepe	1719792000	-18000	-05
America/Eirunepe	4102444800	-18000	-05
America/Eirunepe	4118083200	-18000	-05
America/Eirunepe	9223372036854775807	-18000	-05
America/El_Salvador	-9223372036854775808	-21408	LMT
America/El_Salvador	-62167219200	-21408	LMT
America/El_Salvador	0	-21600	CST
America/El_Salvador	1704067200	-21600	CST
America/El_Salvador	1719792000	-21600	CST
America/El_Salvador	4102444800	-21600	CST
America/El_Salvador	4118083200	-21600	CST
America/El_Salvador	9223372036854775807	-21600	CST
America/Ensenada	-9223372036854775808	-28084	LMT
America/Ensenada	-62167219200	-28084	LMT
America/Ensenada	0	-28800	PST
America/Ensenada	1704067200	-28800	PST
America/Ensenada	1719792000	-25200	PDT
America/Ensenada	4102444800	-28800	PST
America/Ensenada	4118083200	-25200	PDT
America/Ensenada	9223372036854775807	-28800	PST
America/Fort_Nelson	-9223372036854775808	-29447	LMT
America/Fort_Nelson	-62167219200	-29447	LMT
America/Fort_Nelson	0	-28800	PST
America/Fort_Nelson	1704067200	-25200	MST
America/Fort_Nelson	1719792000	-25200	MST
America/Fort_Nelson	4102444800	-25200	MST
America/Fort_Nelson	4118083200	-25200	MST
America/Fort_Nelson	9223372036854775807	-25200	MST
America/Fort_Wayne	-9223372036854775808	-20678	LMT
America/Fort_Wayne	-62167219200	-20678	LMT
America/Fort_Wayne	0	-18000	EST
America/Fort_Wayne	1704067200	-18000	EST
America/Fort_Wayne	1719792000	-14400	EDT
America/Fort_Wayne	4102444800	-18000	EST
America/Fort_Wayne	4118083200	-14400	EDT
America/Fort_Wayne	9223372036854775807	-18000	EST
America/Fortaleza	-9223372036854775808	-9240	LMT
America/Fortaleza	-62167219200	-9240	LMT
America/Fortaleza	0	-10800	-03
America/Fortaleza	1704067200	-10800	-03
America/Fortaleza	1719792000	-10800	-03
America/Fortaleza	4102444800	-10800	-03
America/Fortaleza	4118083200	-10800	-03
America/Fortaleza	9223372036854775807	-10800	-03
America/Glace_Bay	-9223372036854775808	-14388	LMT
America/Glace_Bay	-62167219200	-14388	LMT
America/Glace_Bay	0	-14400	AST
America/Glace_Bay	1704067200	-14400	AST
America/Glace_Bay	1719792000	-10800	ADT
America/Glace_Bay	4102444800	-14400	AST
America/Glace_Bay	4118083200	-10800	ADT
America/Glace_Bay	9223372036854775807	-14400	AST
America/Godthab	-9223372036854775808	-12416	LMT
America/Godthab	-62167219200	-12416	LMT
America/Godthab	0	-10800	-03
America/Godthab	1704067200	-7200	-02
America/Godthab	1719792000	-3600	-01
America/Godthab	4102444800	-7200	-02
America/Godthab	4118083200	-3600	-01
America/Godthab	9223372036854775807	-7200	-02
America/Goose_Bay	-9223372036854775808	-14500	LMT
America/Goose_Bay	-62167219200	-14500	LMT
America/Goose_Bay	0	-14400	AST
America/Goose_Bay	1704067200	-14400	AST
America/Goose_Bay	1719792000	-10800	ADT
America/Goose_Bay	4102444800	-14400	AST
America/Goose_Bay	4118083200	-10800	ADT
America/Goose_Bay	9223372036854775807	-14400	AST
America/Grand_Turk	-9223372036854775808	-17072	LMT
America/Grand_Turk	-62167219200	-17072	LMT
America/Grand_Turk	0	-18000	EST
America/Grand_Turk	1704067200	-18000	EST
America/Grand_Turk	1719792000	-14400	EDT
America/Grand_Turk	4102444800	-18000	EST
America/Grand_Turk	4118083200	-14400	EDT
America/Grand_Turk	9223372036854775807	-18000	EST
America/Grenada	-9223372036854775808	-14820	LMT
America/Grenada	-62167219200	-14820	LMT
America/Grenada	0	-14400	AST
America/Grenada	1704067200	-14400	AST
America/Grenada	1719792000	-14400	AST
America/Grenada	4102444800	-14400	AST
America/Grenada	4118083200	-14400	AST
America/Grenada	9223372036854775807	-14400	AST
America/Guadeloupe	-9223372036854775808	-14768	LMT
America/Guadeloupe	-62167219200	-14768	LMT
America/Guadeloupe	0	-14400	AST
America/Guadeloupe	1704067200	-14400	AST
America/Guadeloupe	1719792000	-14400	AST
America/Guadeloupe	4102444800	-14400	AST
America/Guadeloupe	4118083200	-14400	AST
America/Guadeloupe	9223372036854775807	-14400	AST
America/Guatemala	-9223372036854775808	-21724	LMT
America/Guatemala	-62167219200	-21724	LMT
America/Guatemala	0	-21600	CST
America/Guatemala	1704067200	-21600	CST
America/Guatemala	1719792000	-21600	CST
America/Guatemala	4102444800	-21600	CST
America/Guatemala	4118083200	-21600	CST
America/Guatemala	9223372036854775807	-21600	CST
America/Guayaquil	-9223372036854775808	-19160	LMT
America/Guayaquil	-62167219200	-19160	LMT
America/Guayaquil	0	-18000	-05
America/Guayaquil	1704067200	-18000	-05
America/Guayaquil	1719792000	-18000	-05
America/Guayaquil	4102444800	-18000	-05
America/Guayaquil	4118083200	-18000	-05
America/Guayaquil	9223372036854775807	-18000	-05
America/Guyana	-9223372036854775808	-13959	LMT
America/Guyana	-62167219200	-13959	LMT
America/Guyana	0	-13500	-0345
America/Guyana	1704067200	-14400	-04
America/Guyana	1719792000	-14400	-04
America/Guyana	4102444800	-14400	-04
America/Guyana	4118083200	-14400	-04
America/Guyana	9223372036854775807	-14400	-04
America/Halifax	-9223372036854775808	-15264	LMT
America/Halifax	-62167219200	-15264	LMT
America/Halifax	0	-14400	AST
America/Halifax	1704067200	-14400	AST
America/Halifax	1719792000	-10800	ADT
America/Halifax	4102444800	-14400	AST
America/Halifax	4118083200	-10800	ADT
America/Halifax	9223372036854775807	-14400	AST
America/Havana	-9223372036854775808	-19768	LMT
America/Havana	-62167219200	-19768	LMT
America/Havana	0	-18000	CST
America/Havana	1704067200	-18000	CST
America/Havana	1719792000	-14400	CDT
America/Havana	4102444800	-18000	CST
America/Havana	4118083200	-14400	CDT
America/Havana	9223372036854775807	-18000	CST
America/Hermosillo	-9223372036854775808	-26632	LMT
America/Hermosillo	-62167219200	-26632	LMT
America/Hermosillo	0	-25200	MST
America/Hermosillo	1704067200	-25200	MST
America/Hermosillo	1719792000	-25200	MST
America/Hermosillo	4102444800	-25200	MST
America/Hermosillo	4118083200	-25200	MST
America/Hermosillo	9223372036854775807	-25200	MST
America/Indiana/Indianapolis	-9223372036854775808	-20678	LMT
America/Indiana/Indianapolis	-62167219200	-20678	LMT
America/Indiana/Indianapolis	0	-18000	EST
America/Indiana/Indianapolis	1704067200	-18000	EST
America/Indiana/Indianapolis	1719792000	-14400	EDT
America/Indiana/Indianapolis	4102444800	-18000	EST
America/Indiana/Indianapolis	4118083200	-14400	EDT
America/Indiana/Indianapolis	9223372036854775807	-18000	EST
America/Indiana/Knox	-9223372036854775808	-20790	LMT
America/Indiana/Knox	-62167219200	-20790	LMT
America/Indiana/Knox	0	-21600	CST
America/Indiana/Knox	1704067200	-21600	CST
America/Indiana/Knox	1719792000	-18000	CDT
America/Indiana/Knox	4102444800	-21600	CST
America/Indiana/Knox	4118083200	-18000	CDT
America/Indiana/Knox	9223372036854775807	-21600	CST
America/Indiana/Marengo	-9223372036854775808	-20723	LMT
America/Indiana/Marengo	-62167219200	-20723	LMT
America/Indiana/Marengo	0	-18000	EST
America/Indiana/Marengo	1704067200	-18000	EST
America/Indiana/Marengo	1719792000	-14400	EDT
America/Indiana/Marengo	4102444800	-18000	EST
America/Indiana/Marengo	4118083200	-14400	EDT
America/Indiana/Marengo	9223372036854775807	-18000	EST
America/Indiana/Petersburg	-9223372036854775808	-20947	LMT
America/Indiana/Petersburg	-62167219200	-20947	LMT
America/Indiana/Petersburg	0	-21600	CST
America/Indiana/Petersburg	1704067200	-18000	EST
America/Indiana/Petersburg	1719792000	-14400	EDT
America/Indiana/Petersburg	4102444800	-18000	EST
America/Indiana/Petersburg	4118083200	-14400	EDT
America/Indiana/Petersburg	9223372036854775807	-18000	EST
America/Indiana/Tell_City	-9223372036854775808	-20823	LMT
America/Indiana/Tell_City	-62167219200	-20823	LMT
America/Indiana/Tell_City	0	-18000	EST
America/Indiana/Tell_City	1704067200	-21600	CST
America/Indiana/Tell_City	1719792000	-18000	CDT
America/Indiana/Tell_City	4102444800	-21600	CST
America/Indiana/Tell_City	4118083200	-18000	CDT
America/Indiana/Tell_City	9223372036854775807	-21600	CST
America/Indiana/Vevay	-9223372036854775808	-20416	LMT
America/Indiana/Vevay	-62167219200	-20416	LMT
America/Indiana/Vevay	0	-18000	EST
America/Indiana/Vevay	1704067200	-18000	EST
America/Indiana/Vevay	1719792000	-14400	EDT
America/Indiana/Vevay	4102444800	-18000	EST
America/Indiana/Vevay	4118083200	-14400	EDT
America/Indiana/Vevay	9223372036854775807	-18000	EST
America/Indiana/Vincennes	-9223372036854775808	-21007	LMT
America/Indiana/Vincennes	-62167219200	-21007	LMT
America/Indiana/Vincennes	0	-18000	EST
America/Indiana/Vincennes	1704067200	-18000	EST
America/Indiana/Vincennes	1719792000	-14400	EDT
America/Indiana/Vincennes	4102444800	-18000	EST
America/Indiana/Vincennes	4118083200	-14400	EDT
America/Indiana/Vincennes	9223372036854775807	-18000	EST
America/Indiana/Winamac	-9223372036854775808	-20785	LMT
America/Indiana/Winamac	-62167219200	-20785	LMT
America/Indiana/Winamac	0	-18000	EST
America/Indiana/Winamac	1704067200	-18000	EST
America/Indiana/Winamac	1719792000	-14400	EDT
America/Indiana/Winamac	4102444800	-18000	EST
America/Indiana/Winamac	4118083200	-14400	EDT
America/Indiana/Winamac	9223372036854775807	-18000	EST
America/Indianapolis	-9223372036854775808	-20678	LMT
America/Indianapolis	-62167219200	-20678	LMT
America/Indianapolis	0	-18000	EST
America/Indianapolis	1704067200	-18000	EST
America/Indianapolis	1719792000	-14400	EDT
America/Indianapolis	4102444800	-18000	EST
America/Indianapolis	4118083200	-14400	EDT
America/Indianapolis	9223372036854775807	-18000	EST
America/Inuvik	-9223372036854775808	0	-00
America/Inuvik	-62167219200	0	-00
America/Inuvik	0	-28800	PST
America/Inuvik	1704067200	-25200	MST
America/Inuvik	1719792000	-21600	MDT
America/Inuvik	4102444800	-25200	MST
America/Inuvik	4118083200	-21600	MDT
America/Inuvik	9223372036854775807	-25200	MST
America/Iqaluit	-9223372036854775808	0	-00
America/Iqaluit	-62167219200	0	-00
America/Iqaluit	0	-18000	EST
America/Iqaluit	1704067200	-18000	EST
America/Iqaluit	1719792000	-14400	EDT
America/Iqaluit	4102444800	-18000	EST
America/Iqaluit	4118083200	-14400	EDT
America/Iqaluit	9223372036854775807	-18000	EST
America/Jamaica	-9223372036854775808	-18430	LMT
America/Jamaica	-62167219200	-18430	LMT
America/Jamaica	0	-18000	EST
America/Jamaica	1704067200	-18000	EST
America/Jamaica	1719792000	-18000	EST
America/Jamaica	4102444800	-18000	EST
America/Jamaica	4118083200	-18000	EST
America/Jamaica	9223372036854775807	-18000	EST
America/Jujuy	-9223372036854775808	-15672	LMT
America/Jujuy	-62167219200	-15672	LMT
America/Jujuy	0	-10800	-03
America/Jujuy	1704067200	-10800	-03
America/Jujuy	1719792000	-10800	-03
America/Jujuy	4102444800	-10800	-03
America/Jujuy	4118083200	-10800	-03
America/Jujuy	9223372036854775807	-10800	-03
America/Juneau	-9223372036854775808	54139	LMT
America/Juneau	-62167219200	54139	LMT
America/Juneau	0	-28800	PST
America/Juneau	1704067200	-32400	AKST
America/Juneau	1719792000	-28800	AKDT
America/Juneau	4102444800	-32400	AKST
America/Juneau	4118083200	-28800	AKDT
America/Juneau	9223372036854775807	-32400	AKST
America/Kentucky/Louisville	-9223372036854775808	-20582	LMT
America/Kentucky/Louisville	-62167219200	-20582	LMT
America/Kentucky/Louisville	0	-18000	EST
America/Kentucky/Louisville	1704067200	-18000	EST
America/Kentucky/Louisville	1719792000	-14400	EDT
America/Kentucky/Louisville	4102444800	-18000	EST
America/Kentucky/Louisville	4118083200	-14400	EDT
America/Kentucky/Louisville	9223372036854775807	-18000	EST
America/Kentucky/Monticello	-9223372036854775808	-20364	LMT
America/Kentucky/Monticello	-62167219200	-20364	LMT
America/Kentucky/Monticello	0	-21600	CST
America/Kentucky/Monticello	1704067200	-18000	EST
America/Kentucky/Monticello	1719792000	-14400	EDT
America/Kentucky/Monticello	4102444800	-18000	EST
America/Kentucky/Monticello	4118083200	-14400	EDT
America/Kentucky/Monticello	9223372036854775807	-18000	EST
America/Knox_IN	-9223372036854775808	-20790	LMT
America/Knox_IN	-62167219200	-20790	LMT
America/Knox_IN	0	-21600	CST
America/Knox_IN	1704067200	-21600	CST
America/Knox_IN	1719792000	-18000	CDT
America/Knox_IN	4102444800	-21600	CST
America/Knox_IN	4118083200	-18000	CDT
America/Knox_IN	9223372036854775807	-21600	CST
America/Kralendijk	-9223372036854775808	-15865	LMT
America/Kralendijk	-62167219200	-15865	LMT
America/Kralendijk	0	-14400	AST
America/Kralendijk	1704067200	-14400	AST
America/Kralendijk	1719792000	-14400	AST
America/Kralendijk	4102444800	-14400	AST
America/Kralendijk	4118083200	-14400	AST
America/Kralendijk	9223372036854775807	-14400	AST
America/La_Paz	-9223372036854775808	-16356	LMT
America/La_Paz	-62167219200	-16356	LMT
America/La_Paz	0	-14400	-04
America/La_Paz	1704067200	-14400	-04
America/La_Paz	1719792000	-14400	-04
America/La_Paz	4102444800	-14400	-04
America/La_Paz	4118083200	-14400	-04
America/La_Paz	9223372036854775807	-14400	-04
America/Lima	-9223372036854775808	-18492	LMT
America/Lima	-62167219200	-18492	LMT
America/Lima	0	-18000	-05
America/Lima	1704067200	-18000	-05
America/Lima	1719792000	-18000	-05
America/Lima	4102444800	-18000	-05
America/Lima	4118083200	-18000	-05
America/Lima	9223372036854775807	-18000	-05
America/Los_Angeles	-9223372036854775808	-28378	LMT
America/Los_Angeles	-62167219200	-28378	LMT
America/Los_Angeles	0	-28800	PST
America/Los_Angeles	1704067200	-28800	PST
America/Los_Angeles	1719792000	-25200	PDT
America/Los_Angeles	4102444800	-28800	PST
America/Los_Angeles	4118083200	-25200	PDT
America/Los_Angeles	9223372036854775807	-28800	PST
America/Louisville	-9223372036854775808	-20582	LMT
America/Louisville	-62167219200	-20582	LMT
America/Louisville	0	-18000	EST
America/Louisville	1704067200	-18000	EST
America/Louisville	1719792000	-14400	EDT
America/Louisville	4102444800	-18000	EST
America/Louisville	4118083200	-14400	EDT
America/Louisville	9223372036854775807	-18000	EST
America/Lower_Princes	-9223372036854775808	-15865	LMT
America/Lower_Princes	-62167219200	-15865	LMT
America/Lower_Princes	0	-14400	AST
America/Lower_Princes	1704067200	-14400	AST
America/Lower_Princes	1719792000	-14400	AST
America/Lower_Princes	4102444800	-14400	AST
America/Lower_Princes	4118083200	-14400	AST
America/Lower_Princes	9223372036854775807	-14400	AST
America/Maceio	-9223372036854775808	-8572	LMT
America/Maceio	-62167219200	-8572	LMT
America/Maceio	0	-10800	-03
America/Maceio	1704067200	-10800	-03
America/Maceio	1719792000	-10800	-03
America/Maceio	4102444800	-10800	-03
America/Maceio	4118083200	-10800	-03
America/Maceio	9223372036854775807	-10800	-03
America/Managua	-9223372036854775808	-20708	LMT
America/Managua	-62167219200	-20708	LMT
America/Managua	0	-21600	CST
America/Managua	1704067200	-21600	CST
America/Managua	1719792000	-21600	CST
America/Managua	4102444800	-21600	CST
America/Managua	4118083200	-21600	CST
America/Managua	9223372036854775807	-21600	CST
America/Manaus	-9223372036854775808	-14404	LMT
America/Manaus	-62167219200	-14404	LMT
America/Manaus	0	-14400	-04
America/Manaus	1704067200	-14400	-04
America/Manaus	1719792000	-14400	-04
America/Manaus	4102444800	-14400	-04
America/Manaus	4118083200	-14400	-04
America/Manaus	9223372036854775807	-14400	-04
America/Marigot	-9223372036854775808	-15865	LMT
America/Marigot	-62167219200	-15865	LMT
America/Marigot	0	-14400	AST
America/Marigot	1704067200	-14400	AST
America/Marigot	1719792000	-14400	AST
America/Marigot	4102444800	-14400	AST
America/Marigot	4118083200	-14400	AST
America/Marigot	9223372036854775807	-14400	AST
America/Martinique	-9223372036854775808	-14660	LMT
America/Martinique	-62167219200	-14660	LMT
America/Martinique	0	-14400	AST
America/Martinique	1704067200	-14400	AST
America/Martinique	1719792000	-14400	AST
America/Martinique	4102444800	-14400	AST
America/Martinique	4118083200	-14400	AST
America/Martinique	9223372036854775807	-14400	AST
America/Matamoros	-9223372036854775808	-23400	LMT
America/Matamoros	-62167219200	-23400	LMT
America/Matamoros	0	-21600	CST
America/Matamoros	1704067200	-21600	CST
America/Matamoros	1719792000	-18000	CDT
America/Matamoros	4102444800	-21600	CST
America/Matamoros	4118083200	-18000	CDT
America/Matamoros	9223372036854775807	-21600	CST
America/Mazatlan	-9223372036854775808	-25540	LMT
America/Mazatlan	-62167219200	-25540	LMT
America/Mazatlan	0	-25200	MST
America/Mazatlan	1704067200	-25200	MST
America/Mazatlan	1719792000	-25200	MST
America/Mazatlan	4102444800	-25200	MST
America/Mazatlan	4118083200	-25200	MST
America/Mazatlan	9223372036854775807	-25200	MST
America/Mendoza	-9223372036854775808	-16516	LMT
America/Mendoza	-62167219200	-16516	LMT
America/Mendoza	0	-10800	-03
America/Mendoza	1704067200	-10800	-03
America/Mendoza	1719792000	-10800	-03
America/Mendoza	4102444800	-10800	-03
America/Mendoza	4118083200	-10800	-03
America/Mendoza	9223372036854775807	-10800	-03
America/Menominee	-9223372036854775808	-21027	LMT
America/Menominee	-62167219200	-21027	LMT
America/Menominee	0	-18000	EST
America/Menominee	1704067200	-21600	CST
America/Menominee	1719792000	-18000	CDT
America/Menominee	4102444800	-21600	CST
America/Menominee	4118083200	-18000	CDT
America/Menominee	9223372036854775807	-21600	CST
America/Merida	-9223372036854775808	-21508	LMT
America/Merida	-62167219200	-21508	LMT
America/Merida	0	-21600	CST
America/Merida	1704067200	-21600	CST
America/Merida	1719792000	-21600	CST
America/Merida	4102444800	-21600	CST
America/Merida	4118083200	-21600	CST
America/Merida	9223372036854775807	-21600	CST
America/Metlakatla	-9223372036854775808	54822	LMT
America/Metlakatla	-62167219200	54822	LMT
America/Metlakatla	0	-28800	PST
America/Metlakatla	1704067200	-32400	AKST
America/Metlakatla	1719792000	-28800	AKDT
America/Metlakatla	4102444800	-32400	AKST
America/Metlakatla	4118083200	-28800	AKDT
America/Metlakatla	9223372036854775807	-32400	AKST
America/Mexico_City	-9223372036854775808	-23796	LMT
America/Mexico_City	-62167219200	-23796	LMT
America/Mexico_City	0	-21600	CST
America/Mexico_City	1704067200	-21600	CST
America/Mexico_City	1719792000	-21600	CST
America/Mexico_City	4102444800	-21600	CST
America/Mexico_City	4118083200	-21600	CST
America/Mexico_City	9223372036854775807	-21600	CST
America/Miquelon	-9223372036854775808	-13480	LMT
America/Miquelon	-62167219200	-13480	LMT
America/Miquelon	0	-14400	AST
America/Miquelon	1704067200	-10800	-03
America/Miquelon	1719792000	-7200	-02
America/Miquelon	4102444800	-10800	-03
America/Miquelon	4118083200	-7200	-02
America/Miquelon	9223372036854775807	-10800	-03
America/Moncton	-9223372036854775808	-15548	LMT
America/Moncton	-62167219200	-15548	LMT
America/Moncton	0	-14400	AST
America/Moncton	1704067200	-14400	AST
America/Moncton	1719792000	-10800	ADT
America/Moncton	4102444800	-14400	AST
America/Moncton	4118083200	-10800	ADT
America/Moncton	9223372036854775807	-14400	AST
America/Monterrey	-9223372036854775808	-24076	LMT
America/Monterrey	-62167219200	-24076	LMT
America/Monterrey	0	-21600	CST
America/Monterrey	1704067200	-21600	CST
America/Monterrey	1719792000	-21600	CST
America/Monterrey	4102444800	-21600	CST
America/Monterrey	4118083200	-21600	CST
America/Monterrey	9223372036854775807	-21600	CST
America/Montevideo	-9223372036854775808	-13491	LMT
America/Montevideo	-62167219200	-13491	LMT
America/Montevideo	0	-10800	-03
America/Montevideo	1704067200	-10800	-03
America/Montevideo	1719792000	-10800	-03
America/Montevideo	4102444800	-10800	-03
America/Montevideo	4118083200	-10800	-03
America/Montevideo	9223372036854775807	-10800	-03
America/Montreal	-9223372036854775808	-19052	LMT
America/Montreal	-62167219200	-19052	LMT
America/Montreal	0	-18000	EST
America/Montreal	1704067200	-18000	EST
America/Montreal	1719792000	-14400	EDT
America/Montreal	4102444800	-18000	EST
America/Montreal	4118083200	-14400	EDT
America/Montreal	9223372036854775807	-18000	EST
America/Montserrat	-9223372036854775808	-14932	LMT
America/Montserrat	-62167219200	-14932	LMT
America/Montserrat	0	-14400	AST
America/Montserrat	1704067200	-14400	AST
America/Montserrat	1719792000	-14400	AST
America/Montserrat	4102444800	-14400	AST
America/Montserrat	4118083200	-14400	AST
America/Montserrat	9223372036854775807	-14400	AST
America/Nassau	-9223372036854775808	-18570	LMT
America/Nassau	-62167219200	-18570	LMT
America/Nassau	0	-18000	EST
America/Nassau	1704067200	-18000	EST
America/Nassau	1719792000	-14400	EDT
America/Nassau	4102444800	-18000	EST
America/Nassau	4118083200	-14400	EDT
America/Nassau	9223372036854775807	-18000	EST
America/New_York	-9223372036854775808	-17762	LMT
America/New_York	-62167219200	-17762	LMT
America/New_York	0	-18000	EST
America/New_York	1704067200	-18000	EST
America/New_York	1719792000	-14400	EDT
America/New_York	4102444800	-18000	EST
America/New_York	4118083200	-14400	EDT
America/New_York	9223372036854775807	-18000	EST
America/Nipigon	-9223372036854775808	-19052	LMT
America/Nipigon	-62167219200	-19052	LMT
America/Nipigon	0	-18000	EST
America/Nipigon	1704067200	-18000	EST
America/Nipigon	1719792000	-14400	EDT
America/Nipigon	4102444800	-18000	EST
America/Nipigon	4118083200	-14400	EDT
America/Nipigon	9223372036854775807	-18000	EST
America/Nome	-9223372036854775808	46702	LMT
America/Nome	-62167219200	46702	LMT
America/Nome	0	-39600	BST
America/Nome	1704067200	-32400	AKST
America/Nome	1719792000	-28800	AKDT
America/Nome	4102444800	-32400	AKST
America/Nome	4118083200	-28800	AKDT
America/Nome	9223372036854775807	-32400	AKST
America/Noronha	-9223372036854775808	-7780	LMT
America/Noronha	-62167219200	-7780	LMT
America/Noronha	0	-7200	-02
America/Noronha	1704067200	-7200	-02
America/Noronha	1719792000	-7200	-02
America/Noronha	4102444800	-7200	-02
America/Noronha	4118083200	-7200	-02
America/Noronha	9223372036854775807	-7200	-02
America/North_Dakota/Beulah	-9223372036854775808	-24427	LMT
America/North_Dakota/Beulah	-62167219200	-24427	LMT
America/North_Dakota/Beulah	0	-25200	MST
America/North_Dakota/Beulah	1704067200	-21600	CST
America/North_Dakota/Beulah	1719792000	-18000	CDT
America/North_Dakota/Beulah	4102444800	-21600	CST
America/North_Dakota/Beulah	4118083200	-18000	CDT
America/North_Dakota/Beulah	9223372036854775807	-21600	CST
America/North_Dakota/Center	-9223372036854775808	-24312	LMT
America/North_Dakota/Center	-62167219200	-24312	LMT
America/North_Dakota/Center	0	-25200	MST
America/North_Dakota/Center	1704067200	-21600	CST
America/North_Dakota/Center	1719792000	-18000	CDT
America/North_Dakota/Center	4102444800	-21600	CST
America/North_Dakota/Center	4118083200	-18000	CDT
America/North_Dakota/Center	9223372036854775807	-21600	CST
America/North_Dakota/New_Salem	-9223372036854775808	-24339	LMT
America/North_Dakota/New_Salem	-62167219200	-24339	LMT
America/North_Dakota/New_Salem	0	-25200	MST
America/North_Dakota/New_Salem	1704067200	-21600	CST
America/North_Dakota/New_Salem	1719792000	-18000	CDT
America/North_Dakota/New_Salem	4102444800	-21600	CST
America/North_Dakota/New_Salem	4118083200	-18000	CDT
America/North_Dakota/New_Salem	9223372036854775807	-21600	CST
America/Nuuk	-9223372036854775808	-12416	LMT
America/Nuuk	-62167219200	-12416	LMT
America/Nuuk	0	-10800	-03
America/Nuuk	1704067200	-7200	-02
America/Nuuk	1719792000	-3600	-01
America/Nuuk	4102444800	-7200	-02
America/Nuuk	4118083200	-3600	-01
America/Nuuk	9223372036854775807	-7200	-02
America/Ojinaga	-9223372036854775808	-25060	LMT
America/Ojinaga	-62167219200	-25060	LMT
America/Ojinaga	0	-21600	CST
America/Ojinaga	1704067200	-21600	CST
America/Ojinaga	1719792000	-18000	CDT
America/Ojinaga	4102444800	-21600	CST
America/Ojinaga	4118083200	-18000	CDT
America/Ojinaga	9223372036854775807	-21600	CST
America/Panama	-9223372036854775808	-19088	LMT
America/Panama	-62167219200	-19088	LMT
America/Panama	0	-18000	EST
America/Panama	1704067200	-18000	EST
America/Panama	1719792000	-18000	EST
America/Panama	4102444800	-18000	EST
America/Panama	4118083200	-18000	EST
America/Panama	9223372036854775807	-18000	EST
America/Pangnirtung	-9223372036854775808	0	-00
America/Pangnirtung	-62167219200	0	-00
America/Pangnirtung	0	-18000	EST
America/Pangnirtung	1704067200	-18000	EST
America/Pangnirtung	1719792000	-14400	EDT
America/Pangnirtung	4102444800	-18000	EST
America/Pangnirtung	4118083200	-14400	EDT
America/Pangnirtung	9223372036854775807	-18000	EST
America/Paramaribo	-9223372036854775808	-13240	LMT
America/Paramaribo	-62167219200	-13240	LMT
America/Paramaribo	0	-12600	-0330
America/Paramaribo	1704067200	-10800	-03
America/Paramaribo	1719792000	-10800	-03
America/Paramaribo	4102444800	-10800	-03
America/Paramaribo	4118083200	-10800	-03
America/Paramaribo	9223372036854775807	-10800	-03
America/Phoenix	-9223372036854775808	-26898	LMT
America/Phoenix	-62167219200	-26898	LMT
America/Phoenix	0	-25200	MST
America/Phoenix	1704067200	-25200	MST
America/Phoenix	1719792000	-25200	MST
America/Phoenix	4102444800	-25200	MST
America/Phoenix	4118083200	-25200	MST
America/Phoenix	9223372036854775807	-25200	MST
America/Port-au-Prince	-9223372036854775808	-17360	LMT
America/Port-au-Prince	-62167219200	-17360	LMT
America/Port-au-Prince	0	-18000	EST
America/Port-au-Prince	1704067200	-18000	EST
America/Port-au-Prince	1719792000	-14400	EDT
America/Port-au-Prince	4102444800	-18000	EST
America/Port-au-Prince	4118083200	-14400	EDT
America/Port-au-Prince	9223372036854775807	-18000	EST
America/Port_of_Spain	-9223372036854775808	-14764	LMT
America/Port_of_Spain	-62167219200	-14764	LMT
America/Port_of_Spain	0	-14400	AST
America/Port_of_Spain	1704067200	-14400	AST
America/Port_of_Spain	1719792000	-14400	AST
America/Port_of_Spain	4102444800	-14400	AST
America/Port_of_Spain	4118083200	-14400	AST
America/Port_of_Spain	9223372036854775807	-14400	AST
America/Porto_Acre	-9223372036854775808	-16272	LMT
America/Porto_Acre	-62167219200	-16272	LMT
America/Porto_Acre	0	-18000	-05
America/Porto_Acre	1704067200	-18000	-05
America/Porto_Acre	1719792000	-18000	-05
America/Porto_Acre	4102444800	-18000	-05
America/Porto_Acre	4118083200	-18000	-05
America/Porto_Acre	9223372036854775807	-18000	-05
America/Porto_Velho	-9223372036854775808	-15336	LMT
America/Porto_Velho	-62167219200	-15336	LMT
America/Porto_Velho	0	-14400	-04
America/Porto_Velho	1704067200	-14400	-04
America/Porto_Velho	1719792000	-14400	-04
America/Porto_Velho	4102444800	-14400	-04
America/Porto_Velho	4118083200	-14400	-04
America/Porto_Velho	9223372036854775807	-14400	-04
America/Puerto_Rico	-9223372036854775808	-15865	LMT
America/Puerto_Rico	-62167219200	-15865	LMT
America/Puerto_Rico	0	-14400	AST
America/Puerto_Rico	1704067200	-14400	AST
America/Puerto_Rico	1719792000	-14400	AST
America/Puerto_Rico	4102444800	-14400	AST
America/Puerto_Rico	4118083200	-14400	AST
America/Puerto_Rico	9223372036854775807	-14400	AST
America/Punta_Arenas	-9223372036854775808	-17020	LMT
America/Punta_Arenas	-62167219200	-17020	LMT
America/Punta_Arenas	0	-10800	-03
America/Punta_Arenas	1704067200	-10800	-03
America/Punta_Arenas	1719792000	-10800	-03
America/Punta_Arenas	4102444800	-10800	-03
America/Punta_Arenas	4118083200	-10800	-03
America/Punta_Arenas	9223372036854775807	-10800	-03
America/Rainy_River	-9223372036854775808	-23316	LMT
America/Rainy_River	-62167219200	-23316	LMT
America/Rainy_River	0	-21600	CST
America/Rainy_River	1704067200	-21600	CST
America/Rainy_River	1719792000	-18000	CDT
America/Rainy_River	4102444800	-21600	CST
America/Rainy_River	4118083200	-18000	CDT
America/Rainy_River	9223372036854775807	-21600	CST
America/Rankin_Inlet	-9223372036854775808	0	-00
America/Rankin_Inlet	-62167219200	0	-00
America/Rankin_Inlet	0	-21600	CST
America/Rankin_Inlet	1704067200	-21600	CST
America/Rankin_Inlet	1719792000	-18000	CDT
America/Rankin_Inlet	4102444800	-21600	CST
America/Rankin_Inlet	4118083200	-18000	CDT
America/Rankin_Inlet	9223372036854775807	-21600	CST
America/Recife	-9223372036854775808	-8376	LMT
America/Recife	-62167219200	-8376	LMT
America/Recife	0	-10800	-03
America/Recife	1704067200	-10800	-03
America/Recife	1719792000	-10800	-03
America/Recife	4102444800	-10800	-03
America/Recife	4118083200	-10800	-03
America/Recife	9223372036854775807	-10800	-03
America/Regina	-9223372036854775808	-25116	LMT
America/Regina	-62167219200	-25116	LMT
America/Regina	0	-21600	CST
America/Regina	1704067200	-21600	CST
America/Regina	1719792000	-21600	CST
America/Regina	4102444800	-21600	CST
America/Regina	4118083200	-21600	CST
America/Regina	9223372036854775807	-21600	CST
America/Resolute	-9223372036854775808	0	-00
America/Resolute	-62167219200	0	-00
America/Resolute	0	-21600	CST
America/Resolute	1704067200	-21600	CST
America/Resolute	1719792000	-18000	CDT
America/Resolute	4102444800	-21600	CST
America/Resolute	4118083200	-18000	CDT
America/Resolute	9223372036854775807	-21600	CST
America/Rio_Branco	-9223372036854775808	-16272	LMT
America/Rio_Branco	-62167219200	-16272	LMT
America/Rio_Branco	0	-18000	-05
America/Rio_Branco	1704067200	-18000	-05
America/Rio_Branco	1719792000	-18000	-05
America/Rio_Branco	4102444800	-18000	-05
America/Rio_Branco	4118083200	-18000	-05
America/Rio_Branco	9223372036854775807	-18000	-05
America/Rosario	-9223372036854775808	-15408	LMT
America/Rosario	-62167219200	-15408	LMT
America/Rosario	0	-10800	-03
America/Rosario	1704067200	-10800	-03
America/Rosario	1719792000	-10800	-03
America/Rosario	4102444800	-10800	-03
America/Rosario	4118083200	-10800	-03
America/Rosario	9223372036854775807	-10800	-03
America/Santa_Isabel	-9223372036854775808	-28084	LMT
America/Santa_Isabel	-62167219200	-28084	LMT
America/Santa_Isabel	0	-28800	PST
America/Santa_Isabel	1704067200	-28800	PST
America/Santa_Isabel	1719792000	-25200	PDT
America/Santa_Isabel	4102444800	-28800	PST
America/Santa_Isabel	4118083200	-25200	PDT
America/Santa_Isabel	9223372036854775807	-28800	PST
America/Santarem	-9223372036854775808	-13128	LMT
America/Santarem	-62167219200	-13128	LMT
America/Santarem	0	-14400	-04
America/Santarem	1704067200	-10800	-03
America/Santarem	1719792000	-10800	-03
America/Santarem	4102444800	-10800	-03
America/Santarem	4118083200	-10800	-03
America/Santarem	9223372036854775807	-10800	-03
America/Santiago	-9223372036854775808	-16965	LMT
America/Santiago	-62167219200	-16965	LMT
America/Santiago	0	-10800	-03
America/Santiago	1704067200	-10800	-03
America/Santiago	1719792000	-14400	-04
America/Santiago	4102444800	-10800	-03
America/Santiago	4118083200	-14400	-04
America/Santiago	9223372036854775807	-10800	-03
America/Santo_Domingo	-9223372036854775808	-16776	LMT
America/Santo_Domingo	-62167219200	-16776	LMT
America/Santo_Domingo	0	-16200	-0430
America/Santo_Domingo	1704067200	-14400	AST
America/Santo_Domingo	1719792000	-14400	AST
America/Santo_Domingo	4102444800	-14400	AST
America/Santo_Domingo	4118083200	-14400	AST
America/Santo_Domingo	9223372036854775807	-14400	AST
America/Sao_Paulo	-9223372036854775808	-11188	LMT
America/Sao_Paulo	-62167219200	-11188	LMT
America/Sao_Paulo	0	-10800	-03
America/Sao_Paulo	1704067200	-10800	-03
America/Sao_Paulo	1719792000	-10800	-03
America/Sao_Paulo	4102444800	-10800	-03
America/Sao_Paulo	4118083200	-10800	-03
America/Sao_Paulo	9223372036854775807	-10800	-03
America/Scoresbysund	-9223372036854775808	-5272	LMT
America/Scoresbysund	-62167219200	-5272	LMT
America/Scoresbysund	0	-7200	-02
America/Scoresbysund	1704067200	-3600	-01
America/Scoresbysund	1719792000	-3600	-01
America/Scoresbysund	4102444800	-7200	-02
America/Scoresbysund	4118083200	-3600	-01
America/Scoresbysund	9223372036854775807	-7200	-02
America/Shiprock	-9223372036854775808	-25196	LMT
America/Shiprock	-62167219200	-25196	LMT
America/Shiprock	0	-25200	MST
America/Shiprock	1704067200	-25200	MST
America/Shiprock	1719792000	-21600	MDT
America/Shiprock	4102444800	-25200	MST
America/Shiprock	4118083200	-21600	MDT
America/Shiprock	9223372036854775807	-25200	MST
America/Sitka	-9223372036854775808	53927	LMT
America/Sitka	-62167219200	53927	LMT
America/Sitka	0	-28800	PST
America/Sitka	1704067200	-32400	AKST
America/Sitka	1719792000	-28800	AKDT
America/Sitka	4102444800	-32400	AKST
America/Sitka	4118083200	-28800	AKDT
America/Sitka	9223372036854775807	-32400	AKST
America/St_Barthelemy	-9223372036854775808	-15865	LMT
America/St_Barthelemy	-62167219200	-15865	LMT
America/St_Barthelemy	0	-14400	AST
America/St_Barthelemy	1704067200	-14400	AST
America/St_Barthelemy	1719792000	-14400	AST
America/St_Barthelemy	4102444800	-14400	AST
America/St_Barthelemy	4118083200	-14400	AST
America/St_Barthelemy	9223372036854775807	-14400	AST
America/St_Johns	-9223372036854775808	-12652	LMT
America/St_Johns	-62167219200	-12652	LMT
America/St_Johns	0	-12600	NST
America/St_Johns	1704067200	-12600	NST
America/St_Johns	1719792000	-9000	NDT
America/St_Johns	4102444800	-12600	NST
America/St_Johns	4118083200	-9000	NDT
America/St_Johns	9223372036854775807	-12600	NST
America/St_Kitts	-9223372036854775808	-15052	LMT
America/St_Kitts	-62167219200	-15052	LMT
America/St_Kitts	0	-14400	AST
America/St_Kitts	1704067200	-14400	AST
America/St_Kitts	1719792000	-14400	AST
America/St_Kitts	4102444800	-14400	AST
America/St_Kitts	4118083200	-14400	AST
America/St_Kitts	9223372036854775807	-14400	AST
America/St_Lucia	-9223372036854775808	-14640	LMT
America/St_Lucia	-62167219200	-14640	LMT
America/St_Lucia	0	-14400	AST
America/St_Lucia	1704067200	-14400	AST
America/St_Lucia	1719792000	-14400	AST
America/St_Lucia	4102444800	-14400	AST
America/St_Lucia	4118083200	-14400	AST
America/St_Lucia	9223372036854775807	-14400	AST
America/St_Thomas	-9223372036854775808	-15584	LMT
America/St_Thomas	-62167219200	-15584	LMT
America/St_Thomas	0	-14400	AST
America/St_Thomas	1704067200	-14400	AST
America/St_Thomas	1719792000	-14400	AST
America/St_Thomas	4102444800	-14400	AST
America/St_Thomas	4118083200	-14400	AST
America/St_Thomas	9223372036854775807	-14400	AST
America/St_Vincent	-9223372036854775808	-14696	LMT
America/St_Vincent	-62167219200	-14696	LMT
America/St_Vincent	0	-14400	AST
America/St_Vincent	1704067200	-14400	AST
America/St_Vincent	1719792000	-14400	AST
America/St_Vincent	4102444800	-14400	AST
America/St_Vincent	4118083200	-14400	AST
America/St_Vincent	9223372036854775807	-14400	AST
America/Swift_Current	-9223372036854775808	-25880	LMT
America/Swift_Current	-62167219200	-25880	LMT
America/Swift_Current	0	-25200	MST
America/Swift_Current	1704067200	-21600	CST
America/Swift_Current	1719792000	-21600	CST
America/Swift_Current	4102444800	-21600	CST
America/Swift_Current	4118083200	-21600	CST
America/Swift_Current	9223372036854775807	-21600	CST
America/Tegucigalpa	-9223372036854775808	-20932	LMT
America/Tegucigalpa	-62167219200	-20932	LMT
America/Tegucigalpa	0	-21600	CST
America/Tegucigalpa	1704067200	-21600	CST
America/Tegucigalpa	1719792000	-21600	CST
America/Tegucigalpa	4102444800	-21600	CST
America/Tegucigalpa	4118083200	-21600	CST
America/Tegucigalpa	9223372036854775807	-21600	CST
America/Thule	-9223372036854775808	-16508	LMT
America/Thule	-62167219200	-16508	LMT
America/Thule	0	-14400	AST
America/Thule	1704067200	-14400	AST
America/Thule	1719792000	-10800	ADT
America/Thule	4102444800	-14400	AST
America/Thule	4118083200	-10800	ADT
America/Thule	9223372036854775807	-14400	AST
America/Thunder_Bay	-9223372036854775808	-19052	LMT
America/Thunder_Bay	-62167219200	-19052	LMT
America/Thunder_Bay	0	-18000	EST
America/Thunder_Bay	1704067200	-18000	EST
America/Thunder_Bay	1719792000	-14400	EDT
America/Thunder_Bay	4102444800	-18000	EST
America/Thunder_Bay	4118083200	-14400	EDT
America/Thunder_Bay	9223372036854775807	-18000	EST
America/Tijuana	-9223372036854775808	-28084	LMT
America/Tijuana	-62167219200	-28084	LMT
America/Tijuana	0	-28800	PST
America/Tijuana	1704067200	-28800	PST
America/Tijuana	1719792000	-25200	PDT
America/Tijuana	4102444800	-28800	PST
America/Tijuana	4118083200	-25200	PDT
America/Tijuana	9223372036854775807	-28800	PST
America/Toronto	-9223372036854775808	-19052	LMT
America/Toronto	-62167219200	-19052	LMT
America/Toronto	0	-18000	EST
America/Toronto	1704067200	-18000	EST
America/Toronto	1719792000	-14400	EDT
America/Toronto	4102444800	-18000	EST
America/Toronto	4118083200	-14400	EDT
America/Toronto	9223372036854775807	-18000	EST
America/Tortola	-9223372036854775808	-15508	LMT
America/Tortola	-62167219200	-15508	LMT
America/Tortola	0	-14400	AST
America/Tortola	1704067200	-14400	AST
America/Tortola	1719792000	-14400	AST
America/Tortola	4102444800	-14400	AST
America/Tortola	4118083200	-14400	AST
America/Tortola	9223372036854775807	-14400	AST
America/Vancouver	-9223372036854775808	-29548	LMT
America/Vancouver	-62167219200	-29548	LMT
America/Vancouver	0	-28800	PST
America/Vancouver	1704067200	-28800	PST
America/Vancouver	1719792000	-25200	PDT
America/Vancouver	4102444800	-28800	PST
America/Vancouver	4118083200	-25200	PDT
America/Vancouver	9223372036854775807	-28800	PST
America/Virgin	-9223372036854775808	-15865	LMT
America/Virgin	-62167219200	-15865	LMT
America/Virgin	0	-14400	AST
America/Virgin	1704067200	-14400	AST
America/Virgin	1719792000	-14400	AST
America/Virgin	4102444800	-14400	AST
America/Virgin	4118083200	-14400	AST
America/Virgin	9223372036854775807	-14400	AST
America/Whitehorse	-9223372036854775808	-32412	LMT
America/Whitehorse	-62167219200	-32412	LMT
America/Whitehorse	0	-28800	PST
America/Whitehorse	1704067200	-25200	MST
America/Whitehorse	1719792000	-25200	MST
America/Whitehorse	4102444800	-25200	MST
America/Whitehorse	4118083200	-25200	MST
America/Whitehorse	9223372036854775807	-25200	MST
America/Winnipeg	-9223372036854775808	-23316	LMT
America/Winnipeg	-62167219200	-23316	LMT
America/Winnipeg	0	-21600	CST
America/Winnipeg	1704067200	-21600	CST
America/Winnipeg	1719792000	-18000	CDT
America/Winnipeg	4102444800	-21600	CST
America/Winnipeg	4118083200	-18000	CDT
America/Winnipeg	9223372036854775807	-21600	CST
America/Yakutat	-9223372036854775808	52865	LMT
America/Yakutat	-62167219200	52865	LMT
America/Yakutat	0	-32400	YST
America/Yakutat	1704067200	-32400	AKST
America/Yakutat	1719792000	-28800	AKDT
America/Yakutat	4102444800	-32400	AKST
America/Yakutat	4118083200	-28800	AKDT
America/Yakutat	9223372036854775807	-32400	AKST
America/Yellowknife	-9223372036854775808	-27232	LMT
America/Yellowknife	-62167219200	-27232	LMT
America/Yellowknife	0	-25200	MST
America/Yellowknife	1704067200	-25200	MST
America/Yellowknife	1719792000	-21600	MDT
America/Yellowknife	4102444800	-25200	MST
America/Yellowknife	4118083200	-21600	MDT
America/Yellowknife	9223372036854775807	-25200	MST
Antarctica/Casey	-9223372036854775808	0	-00
Antarctica/Casey	-62167219200	0	-00
Antarctica/Casey	0	28800	+08
Antarctica/Casey	1704067200	28800	+08
Antarctica/Casey	1719792000	28800	+08
Antarctica/Casey	4102444800	28800	+08
Antarctica/Casey	4118083200	28800	+08
Antarctica/Casey	9223372036854775807	28800	+08
Antarctica/Davis	-9223372036854775808	0	-00
Antarctica/Davis	-62167219200	0	-00
Antarctica/Davis	0	25200	+07
Antarctica/Davis	1704067200	25200	+07
Antarctica/Davis	1719792000	25200	+07
Antarctica/Davis	4102444800	25200	+07
Antarctica/Davis	4118083200	25200	+07
Antarctica/Davis	9223372036854775807	25200	+07
Antarctica/DumontDUrville	-9223372036854775808	0	-00
Antarctica/DumontDUrville	-62167219200	0	-00
Antarctica/DumontDUrville	0	36000	+10
Antarctica/DumontDUrville	1704067200	36000	+10
Antarctica/DumontDUrville	1719792000	36000	+10
Antarctica/DumontDUrville	4102444800	36000	+10
Antarctica/DumontDUrville	4118083200	36000	+10
Antarctica/DumontDUrville	9223372036854775807	36000	+10
Antarctica/Macquarie	-9223372036854775808	0	-00
Antarctica/Macquarie	-62167219200	0	-00
Antarctica/Macquarie	0	39600	AEDT
Antarctica/Macquarie	1704067200	39600	AEDT
Antarctica/Macquarie	1719792000	36000	AEST
Antarctica/Macquarie	4102444800	39600	AEDT
Antarctica/Macquarie	4118083200	36000	AEST
Antarctica/Macquarie	9223372036854775807	39600	AEDT
Antarctica/Mawson	-9223372036854775808	0	-00
Antarctica/Mawson	-62167219200	0	-00
Antarctica/Mawson	0	21600	+06
Antarctica/Mawson	1704067200	18000	+05
Antarctica/Mawson	1719792000	18000	+05
Antarctica/Mawson	4102444800	18000	+05
Antarctica/Mawson	4118083200	18000	+05
Antarctica/Mawson	9223372036854775807	18000	+05
Antarctica/McMurdo	-9223372036854775808	0	-00
Antarctica/McMurdo	-62167219200	0	-00
Antarctica/McMurdo	0	43200	NZST
Antarctica/McMurdo	1704067200	46800	NZDT
Antarctica/McMurdo	1719792000	43200	NZST
Antarctica/McMurdo	4102444800	46800	NZDT
Antarctica/McMurdo	4118083200	43200	NZST
Antarctica/McMurdo	9223372036854775807	46800	NZDT
Antarctica/Palmer	-9223372036854775808	0	-00
Antarctica/Palmer	-62167219200	0	-00
Antarctica/Palmer	0	-10800	-03
Antarctica/Palmer	1704067200	-10800	-03
Antarctica/Palmer	1719792000	-10800	-03
Antarctica/Palmer	4102444800	-10800	-03
Antarctica/Palmer	4118083200	-10800	-03
Antarctica/Palmer	9223372036854775807	-10800	-03
Antarctica/Rothera	-9223372036854775808	0	-00
Antarctica/Rothera	-62167219200	0	-00
Antarctica/Rothera	0	0	-00
Antarctica/Rothera	1704067200	-10800	-03
Antarctica/Rothera	1719792000	-10800	-03
Antarctica/Rothera	4102444800	-10800	-03
Antarctica/Rothera	4118083200	-10800	-03
Antarctica/Rothera	9223372036854775807	-10800	-03
Antarctica/South_Pole	-9223372036854775808	41944	LMT
Antarctica/South_Pole	-62167219200	41944	LMT
Antarctica/South_Pole	0	43200	NZST
Antarctica/South_Pole	1704067200	46800	NZDT
Antarctica/South_Pole	1719792000	43200	NZST
Antarctica/South_Pole	4102444800	46800	NZDT
Antarctica/South_Pole	4118083200	43200	NZST
Antarctica/South_Pole	9223372036854775807	46800	NZDT
Antarctica/Syowa	-9223372036854775808	0	-00
Antarctica/Syowa	-62167219200	0	-00
Antarctica/Syowa	0	10800	+03
Antarctica/Syowa	1704067200	10800	+03
Antarctica/Syowa	1719792000	10800	+03
Antarctica/Syowa	4102444800	10800	+03
Antarctica/Syowa	4118083200	10800	+03
Antarctica/Syowa	9223372036854775807	10800	+03
Antarctica/Troll	-9223372036854775808	0	-00
Antarctica/Troll	-62167219200	0	-00
Antarctica/Troll	0	0	-00
Antarctica/Troll	1704067200	0	+00
Antarctica/Troll	1719792000	7200	+02
Antarctica/Troll	4102444800	0	+00
Antarctica/Troll	4118083200	7200	+02
Antarctica/Troll	9223372036854775807	0	+00
Antarctica/Vostok	-9223372036854775808	0	-00
Antarctica/Vostok	-62167219200	0	-00
Antarctica/Vostok	0	25200	+07
Antarctica/Vostok	1704067200	18000	+05
Antarctica/Vostok	1719792000	18000	+05
Antarctica/Vostok	4102444800	18000	+05
Antarctica/Vostok	4118083200	18000	+05
Antarctica/Vostok	9223372036854775807	18000	+05
Arctic/Longyearbyen	-9223372036854775808	3208	LMT
Arctic/Longyearbyen	-62167219200	3208	LMT
Arctic/Longyearbyen	0	3600	CET
Arctic/Longyearbyen	1704067200	3600	CET
Arctic/Longyearbyen	1719792000	7200	CEST
Arctic/Longyearbyen	4102444800	3600	CET
Arctic/Longyearbyen	4118083200	7200	CEST
Arctic/Longyearbyen	9223372036854775807	3600	CET
Asia/Aden	-9223372036854775808	10794	LMT
Asia/Aden	-62167219200	10794	LMT
Asia/Aden	0	10800	+03
Asia/Aden	1704067200	10800	+03
Asia/Aden	1719792000	10800	+03
Asia/Aden	4102444800	10800	+03
Asia/Aden	4118083200	10800	+03
Asia/Aden	9223372036854775807	10800	+03
Asia/Almaty	-9223372036854775808	18468	LMT
Asia/Almaty	-62167219200	18468	LMT
Asia/Almaty	0	21600	+06
Asia/Almaty	1704067200	21600	+06
Asia/Almaty	1719792000	18000	+05
Asia/Almaty	4102444800	18000	+05
Asia/Almaty	4118083200	18000	+05
Asia/Almaty	9223372036854775807	18000	+05
Asia/Amman	-9223372036854775808	8624	LMT
Asia/Amman	-62167219200	8624	LMT
Asia/Amman	0	7200	EET
Asia/Amman	1704067200	10800	+03
Asia/Amman	1719792000	10800	+03
Asia/Amman	4102444800	10800	+03
Asia/Amman	4118083200	10800	+03
Asia/Amman	9223372036854775807	10800	+03
Asia/Anadyr	-9223372036854775808	42596	LMT
Asia/Anadyr	-62167219200	42596	LMT
Asia/Anadyr	0	46800	+13
Asia/Anadyr	1704067200	43200	+12
Asia/Anadyr	1719792000	43200	+12
Asia/Anadyr	4102444800	43200	+12
Asia/Anadyr	4118083200	43200	+12
Asia/Anadyr	9223372036854775807	43200	+12
Asia/Aqtau	-9223372036854775808	12064	LMT
Asia/Aqtau	-62167219200	12064	LMT
Asia/Aqtau	0	18000	+05
Asia/Aqtau	1704067200	18000	+05
Asia/Aqtau	1719792000	18000	+05
Asia/Aqtau	4102444800	18000	+05
Asia/Aqtau	4118083200	18000	+05
Asia/Aqtau	9223372036854775807	18000	+05
Asia/Aqtobe	-9223372036854775808	13720	LMT
Asia/Aqtobe	-62167219200	13720	LMT
Asia/Aqtobe	0	18000	+05
Asia/Aqtobe	1704067200	18000	+05
Asia/Aqtobe	1719792000	18000	+05
Asia/Aqtobe	4102444800	18000	+05
Asia/Aqtobe	4118083200	18000	+05
Asia/Aqtobe	9223372036854775807	18000	+05
Asia/Ashgabat	-9223372036854775808	14012	LMT
Asia/Ashgabat	-62167219200	14012	LMT
Asia/Ashgabat	0	18000	+05
Asia/Ashgabat	1704067200	18000	+05
Asia/Ashgabat	1719792000	18000	+05
Asia/Ashgabat	4102444800	18000	+05
Asia/Ashgabat	4118083200	18000	+05
Asia/Ashgabat	9223372036854775807	18000	+05
Asia/Ashkhabad	-9223372036854775808	14012	LMT
Asia/Ashkhabad	-62167219200	14012	LMT
Asia/Ashkhabad	0	18000	+05
Asia/Ashkhabad	1704067200	18000	+05
Asia/Ashkhabad	1719792000	18000	+05
Asia/Ashkhabad	4102444800	18000	+05
Asia/Ashkhabad	4118083200	18000	+05
Asia/Ashkhabad	9223372036854775807	18000	+05
Asia/Atyrau	-9223372036854775808	12464	LMT
Asia/Atyrau	-62167219200	12464	LMT
Asia/Atyrau	0	18000	+05
Asia/Atyrau	1704067200	18000	+05
Asia/Atyrau	1719792000	18000	+05
Asia/Atyrau	4102444800	18000	+05
Asia/Atyrau	4118083200	18000	+05
Asia/Atyrau	9223372036854775807	18000	+05
Asia/Baghdad	-9223372036854775808	10660	LMT
Asia/Baghdad	-62167219200	10660	LMT
Asia/Baghdad	0	10800	+03
Asia/Baghdad	1704067200	10800	+03
Asia/Baghdad	1719792000	10800	+03
Asia/Baghdad	4102444800	10800	+03
Asia/Baghdad	4118083200	10800	+03
Asia/Baghdad	9223372036854775807	10800	+03
Asia/Bahrain	-9223372036854775808	12140	LMT
Asia/Bahrain	-62167219200	12140	LMT
Asia/Bahrain	0	14400	+04
Asia/Bahrain	1704067200	10800	+03
Asia/Bahrain	1719792000	10800	+03
Asia/Bahrain	4102444800	10800	+03
Asia/Bahrain	4118083200	10800	+03
Asia/Bahrain	9223372036854775807	10800	+03
Asia/Baku	-9223372036854775808	11964	LMT
Asia/Baku	-62167219200	11964	LMT
Asia/Baku	0	14400	+04
Asia/Baku	1704067200	14400	+04
Asia/Baku	1719792000	14400	+04
Asia/Baku	4102444800	14400	+04
Asia/Baku	4118083200	14400	+04
Asia/Baku	9223372036854775807	14400	+04
Asia/Bangkok	-9223372036854775808	24124	LMT
Asia/Bangkok	-62167219200	24124	LMT
Asia/Bangkok	0	25200	+07
Asia/Bangkok	1704067200	25200	+07
Asia/Bangkok	1719792000	25200	+07
Asia/Bangkok	4102444800	25200	+07
Asia/Bangkok	4118083200	25200	+07
Asia/Bangkok	9223372036854775807	25200	+07
Asia/Barnaul	-9223372036854775808	20100	LMT
Asia/Barnaul	-62167219200	20100	LMT
Asia/Barnaul	0	25200	+07
Asia/Barnaul	1704067200	25200	+07
Asia/Barnaul	1719792000	25200	+07
Asia/Barnaul	4102444800	25200	+07
Asia/Barnaul	4118083200	25200	+07
Asia/Barnaul	9223372036854775807	25200	+07
Asia/Beirut	-9223372036854775808	8520	LMT
Asia/Beirut	-62167219200	8520	LMT
Asia/Beirut	0	7200	EET
Asia/Beirut	1704067200	7200	EET
Asia/Beirut	1719792000	10800	EEST
Asia/Beirut	4102444800	7200	EET
Asia/Beirut	4118083200	10800	EEST
Asia/Beirut	9223372036854775807	7200	EET
Asia/Bishkek	-9223372036854775808	17904	LMT
Asia/Bishkek	-62167219200	17904	LMT
Asia/Bishkek	0	21600	+06
Asia/Bishkek	1704067200	21600	+06
Asia/Bishkek	1719792000	21600	+06
Asia/Bishkek	4102444800	21600	+06
Asia/Bishkek	4118083200	21600	+06
Asia/Bishkek	9223372036854775807	21600	+06
Asia/Brunei	-9223372036854775808	27580	LMT
Asia/Brunei	-62167219200	27580	LMT
Asia/Brunei	0	28800	+08
Asia/Brunei	1704067200	28800	+08
Asia/Brunei	1719792000	28800	+08
Asia/Brunei	4102444800	28800	+08
Asia/Brunei	4118083200	28800	+08
Asia/Brunei	9223372036854775807	28800	+08
Asia/Calcutta	-9223372036854775808	21208	LMT
Asia/Calcutta	-62167219200	21208	LMT
Asia/Calcutta	0	19800	IST
Asia/Calcutta	1704067200	19800	IST
Asia/Calcutta	1719792000	19800	IST
Asia/Calcutta	4102444800	19800	IST
Asia/Calcutta	4118083200	19800	IST
Asia/Calcutta	9223372036854775807	19800	IST
Asia/Chita	-9223372036854775808	27232	LMT
Asia/Chita	-62167219200	27232	LMT
Asia/Chita	0	32400	+09
Asia/Chita	1704067200	32400	+09
Asia/Chita	1719792000	32400	+09
Asia/Chita	4102444800	32400	+09
Asia/Chita	4118083200	32400	+09
Asia/Chita	9223372036854775807	32400	+09
Asia/Choibalsan	-9223372036854775808	25652	LMT
Asia/Choibalsan	-62167219200	25652	LMT
Asia/Choibalsan	0	25200	+07
Asia/Choibalsan	1704067200	28800	+08
Asia/Choibalsan	1719792000	28800	+08
Asia/Choibalsan	4102444800	28800	+08
Asia/Choibalsan	4118083200	28800	+08
Asia/Choibalsan	9223372036854775807	28800	+08
Asia/Chongqing	-9223372036854775808	29143	LMT
Asia/Chongqing	-62167219200	29143	LMT
Asia/Chongqing	0	28800	CST
Asia/Chongqing	1704067200	28800	CST
Asia/Chongqing	1719792000	28800	CST
Asia/Chongqing	4102444800	28800	CST
Asia/Chongqing	4118083200	28800	CST
Asia/Chongqing	9223372036854775807	28800	CST
Asia/Chungking	-9223372036854775808	29143	LMT
Asia/Chungking	-62167219200	29143	LMT
Asia/Chungking	0	28800	CST
Asia/Chungking	1704067200	28800	CST
Asia/Chungking	1719792000	28800	CST
Asia/Chungking	4102444800	28800	CST
Asia/Chungking	4118083200	28800	CST
Asia/Chungking	9223372036854775807	28800	CST
Asia/Colombo	-9223372036854775808	19164	LMT
Asia/Colombo	-62167219200	19164	LMT
Asia/Colombo	0	19800	+0530
Asia/Colombo	1704067200	19800	+0530
Asia/Colombo	1719792000	19800	+0530
Asia/Colombo	4102444800	19800	+0530
Asia/Colombo	4118083200	19800	+0530
Asia/Colombo	9223372036854775807	19800	+0530
Asia/Dacca	-9223372036854775808	21700	LMT
Asia/Dacca	-62167219200	21700	LMT
Asia/Dacca	0	21600	+06
Asia/Dacca	1704067200	21600	+06
Asia/Dacca	1719792000	21600	+06
Asia/Dacca	4102444800	21600	+06
Asia/Dacca	4118083200	21600	+06
Asia/Dacca	9223372036854775807	21600	+06
Asia/Damascus	-9223372036854775808	8712	LMT
Asia/Damascus	-62167219200	8712	LMT
Asia/Damascus	0	7200	EET
Asia/Damascus	1704067200	10800	+03
Asia/Damascus	1719792000	10800	+03
Asia/Damascus	4102444800	10800	+03
Asia/Damascus	4118083200	10800	+03
Asia/Damascus	9223372036854775807	10800	+03
Asia/Dhaka	-9223372036854775808	21700	LMT
Asia/Dhaka	-62167219200	21700	LMT
Asia/Dhaka	0	21600	+06
Asia/Dhaka	1704067200	21600	+06
Asia/Dhaka	1719792000	21600	+06
Asia/Dhaka	4102444800	21600	+06
Asia/Dhaka	4118083200	21600	+06
Asia/Dhaka	9223372036854775807	21600	+06
Asia/Dili	-9223372036854775808	30140	LMT
Asia/Dili	-62167219200	30140	LMT
Asia/Dili	0	32400	+09
Asia/Dili	1704067200	32400	+09
Asia/Dili	1719792000	32400	+09
Asia/Dili	4102444800	32400	+09
Asia/Dili	4118083200	32400	+09
Asia/Dili	9223372036854775807	32400	+09
Asia/Dubai	-9223372036854775808	13272	LMT
Asia/Dubai	-62167219200	13272	LMT
Asia/Dubai	0	14400	+04
Asia/Dubai	1704067200	14400	+04
Asia/Dubai	1719792000	14400	+04
Asia/Dubai	4102444800	14400	+04
Asia/Dubai	4118083200	14400	+04
Asia/Dubai	9223372036854775807	14400	+04
Asia/Dushanbe	-9223372036854775808	16512	LMT
Asia/Dushanbe	-62167219200	16512	LMT
Asia/Dushanbe	0	21600	+06
Asia/Dushanbe	1704067200	18000	+05
Asia/Dushanbe	1719792000	18000	+05
Asia/Dushanbe	4102444800	18000	+05
Asia/Dushanbe	4118083200	18000	+05
Asia/Dushanbe	9223372036854775807	18000	+05
Asia/Famagusta	-9223372036854775808	8148	LMT
Asia/Famagusta	-62167219200	8148	LMT
Asia/Famagusta	0	7200	EET
Asia/Famagusta	1704067200	7200	EET
Asia/Famagusta	1719792000	10800	EEST
Asia/Famagusta	4102444800	7200	EET
Asia/Famagusta	4118083200	10800	EEST
Asia/Famagusta	9223372036854775807	7200	EET
Asia/Gaza	-9223372036854775808	8272	LMT
Asia/Gaza	-62167219200	8272	LMT
Asia/Gaza	0	7200	IST
Asia/Gaza	1704067200	7200	EET
Asia/Gaza	1719792000	10800	EEST
Asia/Gaza	4102444800	7200	EET
Asia/Gaza	4118083200	10800	EEST
Asia/Gaza	9223372036854775807	7200	EET
Asia/Harbin	-9223372036854775808	29143	LMT
Asia/Harbin	-62167219200	29143	LMT
Asia/Harbin	0	28800	CST
Asia/Harbin	1704067200	28800	CST
Asia/Harbin	1719792000	28800	CST
Asia/Harbin	4102444800	28800	CST
Asia/Harbin	4118083200	28800	CST
Asia/Harbin	9223372036854775807	28800	CST
Asia/Hebron	-9223372036854775808	8423	LMT
Asia/Hebron	-62167219200	8423	LMT
Asia/Hebron	0	7200	IST
Asia/Hebron	1704067200	7200	EET
Asia/Hebron	1719792000	10800	EEST
Asia/Hebron	4102444800	7200	EET
Asia/Hebron	4118083200	10800	EEST
Asia/Hebron	9223372036854775807	7200	EET
Asia/Ho_Chi_Minh	-9223372036854775808	25590	LMT
Asia/Ho_Chi_Minh	-62167219200	25590	LMT
Asia/Ho_Chi_Minh	0	28800	+08
Asia/Ho_Chi_Minh	1704067200	25200	+07
Asia/Ho_Chi_Minh	1719792000	25200	+07
Asia/Ho_Chi_Minh	4102444800	25200	+07
Asia/Ho_Chi_Minh	4118083200	25200	+07
Asia/Ho_Chi_Minh	9223372036854775807	25200	+07
Asia/Hong_Kong	-9223372036854775808	27402	LMT
Asia/Hong_Kong	-62167219200	27402	LMT
Asia/Hong_Kong	0	28800	HKT
Asia/Hong_Kong	1704067200	28800	HKT
Asia/Hong_Kong	1719792000	28800	HKT
Asia/Hong_Kong	4102444800	28800	HKT
Asia/Hong_Kong	4118083200	28800	HKT
Asia/Hong_Kong	9223372036854775807	28800	HKT
Asia/Hovd	-9223372036854775808	21996	LMT
Asia/Hovd	-62167219200	21996	LMT
Asia/Hovd	0	21600	+06
Asia/Hovd	1704067200	25200	+07
Asia/Hovd	1719792000	25200	+07
Asia/Hovd	4102444800	25200	+07
Asia/Hovd	4118083200	25200	+07
Asia/Hovd	9223372036854775807	25200	+07
Asia/Irkutsk	-9223372036854775808	25025	LMT
Asia/Irkutsk	-62167219200	25025	LMT
Asia/Irkutsk	0	28800	+08
Asia/Irkutsk	1704067200	28800	+08
Asia/Irkutsk	1719792000	28800	+08
Asia/Irkutsk	4102444800	28800	+08
Asia/Irkutsk	4118083200	28800	+08
Asia/Irkutsk	9223372036854775807	28800	+08
Asia/Istanbul	-9223372036854775808	6952	LMT
Asia/Istanbul	-62167219200	6952	LMT
Asia/Istanbul	0	7200	EET
Asia/Istanbul	1704067200	10800	+03
Asia/Istanbul	1719792000	10800	+03
Asia/Istanbul	4102444800	10800	+03
Asia/Istanbul	4118083200	10800	+03
Asia/Istanbul	9223372036854775807	10800	+03
Asia/Jakarta	-9223372036854775808	25632	LMT
Asia/Jakarta	-62167219200	25632	LMT
Asia/Jakarta	0	25200	WIB
Asia/Jakarta	1704067200	25200	WIB
Asia/Jakarta	1719792000	25200	WIB
Asia/Jakarta	4102444800	25200	WIB
Asia/Jakarta	4118083200	25200	WIB
Asia/Jakarta	9223372036854775807	25200	WIB
Asia/Jayapura	-9223372036854775808	33768	LMT
Asia/Jayapura	-62167219200	33768	LMT
Asia/Jayapura	0	32400	WIT
Asia/Jayapura	1704067200	32400	WIT
Asia/Jayapura	1719792000	32400	WIT
Asia/Jayapura	4102444800	32400	WIT
Asia/Jayapura	4118083200	32400	WIT
Asia/Jayapura	9223372036854775807	32400	WIT
Asia/Jerusalem	-9223372036854775808	8454	LMT
Asia/Jerusalem	-62167219200	8454	LMT
Asia/Jerusalem	0	7200	IST
Asia/Jerusalem	1704067200	7200	IST
Asia/Jerusalem	1719792000	10800	IDT
Asia/Jerusalem	4102444800	7200	IST
Asia/Jerusalem	4118083200	10800	IDT
Asia/Jerusalem	9223372036854775807	7200	IST
Asia/Kabul	-9223372036854775808	16608	LMT
Asia/Kabul	-62167219200	16608	LMT
Asia/Kabul	0	16200	+0430
Asia/Kabul	1704067200	16200	+0430
Asia/Kabul	1719792000	16200	+0430
Asia/Kabul	4102444800	16200	+0430
Asia/Kabul	4118083200	16200	+0430
Asia/Kabul	9223372036854775807	16200	+0430
Asia/Kamchatka	-9223372036854775808	38076	LMT
Asia/Kamchatka	-62167219200	38076	LMT
Asia/Kamchatka	0	43200	+12
Asia/Kamchatka	1704067200	43200	+12
Asia/Kamchatka	1719792000	43200	+12
Asia/Kamchatka	4102444800	43200	+12
Asia/Kamchatka	4118083200	43200	+12
Asia/Kamchatka	9223372036854775807	43200	+12
Asia/Karachi	-9223372036854775808	16092	LMT
Asia/Karachi	-62167219200	16092	LMT
Asia/Karachi	0	18000	+05
Asia/Karachi	1704067200	18000	PKT
Asia/Karachi	1719792000	18000	PKT
Asia/Karachi	4102444800	18000	PKT
Asia/Karachi	4118083200	18000	PKT
Asia/Karachi	9223372036854775807	18000	PKT
Asia/Kashgar	-9223372036854775808	21020	LMT
Asia/Kashgar	-62167219200	21020	LMT
Asia/Kashgar	0	21600	+06
Asia/Kashgar	1704067200	21600	+06
Asia/Kashgar	1719792000	21600	+06
Asia/Kashgar	4102444800	21600	+06
Asia/Kashgar	4118083200	21600	+06
Asia/Kashgar	9223372036854775807	21600	+06
Asia/Kathmandu	-9223372036854775808	20476	LMT
Asia/Kathmandu	-62167219200	20476	LMT
Asia/Kathmandu	0	19800	+0530
Asia/Kathmandu	1704067200	20700	+0545
Asia/Kathmandu	1719792000	20700	+0545
Asia/Kathmandu	4102444800	20700	+0545
Asia/Kathmandu	4118083200	20700	+0545
Asia/Kathmandu	9223372036854775807	20700	+0545
Asia/Katmandu	-9223372036854775808	20476	LMT
Asia/Katmandu	-62167219200	20476	LMT
Asia/Katmandu	0	19800	+0530
Asia/Katmandu	1704067200	20700	+0545
Asia/Katmandu	1719792000	20700	+0545
Asia/Katmandu	4102444800	20700	+0545
Asia/Katmandu	4118083200	20700	+0545
Asia/Katmandu	9223372036854775807	20700	+0545
Asia/Khandyga	-9223372036854775808	32533	LMT
Asia/Khandyga	-62167219200	32533	LMT
Asia/Khandyga	0	32400	+09
Asia/Khandyga	1704067200	32400	+09
Asia/Khandyga	1719792000	32400	+09
Asia/Khandyga	4102444800	32400	+09
Asia/Khandyga	4118083200	32400	+09
Asia/Khandyga	9223372036854775807	32400	+09
Asia/Kolkata	-9223372036854775808	21208	LMT
Asia/Kolkata	-62167219200	21208	LMT
Asia/Kolkata	0	19800	IST
Asia/Kolkata	1704067200	19800	IST
Asia/Kolkata	1719792000	19800	IST
Asia/Kolkata	4102444800	19800	IST
Asia/Kolkata	4118083200	19800	IST
Asia/Kolkata	9223372036854775807	19800	IST
Asia/Krasnoyarsk	-9223372036854775808	22286	LMT
Asia/Krasnoyarsk	-62167219200	22286	LMT
Asia/Krasnoyarsk	0	25200	+07
Asia/Krasnoyarsk	1704067200	25200	+07
Asia/Krasnoyarsk	1719792000	25200	+07
Asia/Krasnoyarsk	4102444800	25200	+07
Asia/Krasnoyarsk	4118083200	25200	+07
Asia/Krasnoyarsk	9223372036854775807	25200	+07
Asia/Kuala_Lumpur	-9223372036854775808	24406	LMT
Asia/Kuala_Lumpur	-62167219200	24406	LMT
Asia/Kuala_Lumpur	0	27000	+0730
Asia/Kuala_Lumpur	1704067200	28800	+08
Asia/Kuala_Lumpur	1719792000	28800	+08
Asia/Kuala_Lumpur	4102444800	28800	+08
Asia/Kuala_Lumpur	4118083200	28800	+08
Asia/Kuala_Lumpur	9223372036854775807	28800	+08
Asia/Kuching	-9223372036854775808	26480	LMT
Asia/Kuching	-62167219200	26480	LMT
Asia/Kuching	0	28800	+08
Asia/Kuching	1704067200	28800	+08
Asia/Kuching	1719792000	28800	+08
Asia/Kuching	4102444800	28800	+08
Asia/Kuching	4118083200	28800	+08
Asia/Kuching	9223372036854775807	28800	+08
Asia/Kuwait	-9223372036854775808	11516	LMT
Asia/Kuwait	-62167219200	11516	LMT
Asia/Kuwait	0	10800	+03
Asia/Kuwait	1704067200	10800	+03
Asia/Kuwait	1719792000	10800	+03
Asia/Kuwait	4102444800	10800	+03
Asia/Kuwait	4118083200	10800	+03
Asia/Kuwait	9223372036854775807	10800	+03
Asia/Macao	-9223372036854775808	27250	LMT
Asia/Macao	-62167219200	27250	LMT
Asia/Macao	0	28800	CST
Asia/Macao	1704067200	28800	CST
Asia/Macao	1719792000	28800	CST
Asia/Macao	4102444800	28800	CST
Asia/Macao	4118083200	28800	CST
Asia/Macao	9223372036854775807	28800	CST
Asia/Macau	-9223372036854775808	27250	LMT
Asia/Macau	-62167219200	27250	LMT
Asia/Macau	0	28800	CST
Asia/Macau	1704067200	28800	CST
Asia/Macau	1719792000	28800	CST
Asia/Macau	4102444800	28800	CST
Asia/Macau	4118083200	28800	CST
Asia/Macau	9223372036854775807	28800	CST
Asia/Magadan	-9223372036854775808	36192	LMT
Asia/Magadan	-62167219200	36192	LMT
Asia/Magadan	0	39600	+11
Asia/Magadan	1704067200	39600	+11
Asia/Magadan	1719792000	39600	+11
Asia/Magadan	4102444800	39600	+11
Asia/Magadan	4118083200	39600	+11
Asia/Magadan	9223372036854775807	39600	+11
Asia/Makassar	-9223372036854775808	28656	LMT
Asia/Makassar	-62167219200	28656	LMT
Asia/Makassar	0	28800	WITA
Asia/Makassar	1704067200	28800	WITA
Asia/Makassar	1719792000	28800	WITA
Asia/Makassar	4102444800	28800	WITA
Asia/Makassar	4118083200	28800	WITA
Asia/Makassar	9223372036854775807	28800	WITA
Asia/Manila	-9223372036854775808	-57368	LMT
Asia/Manila	-62167219200	-57368	LMT
Asia/Manila	0	28800	PST
Asia/Manila	1704067200	28800	PST
Asia/Manila	1719792000	28800	PST
Asia/Manila	4102444800	28800	PST
Asia/Manila	4118083200	28800	PST
Asia/Manila	9223372036854775807	28800	PST
Asia/Muscat	-9223372036854775808	14064	LMT
Asia/Muscat	-62167219200	14064	LMT
Asia/Muscat	0	14400	+04
Asia/Muscat	1704067200	14400	+04
Asia/Muscat	1719792000	14400	+04
Asia/Muscat	4102444800	14400	+04
Asia/Muscat	4118083200	14400	+04
Asia/Muscat	9223372036854775807	14400	+04
Asia/Nicosia	-9223372036854775808	8008	LMT
Asia/Nicosia	-62167219200	8008	LMT
Asia/Nicosia	0	7200	EET
Asia/Nicosia	1704067200	7200	EET
Asia/Nicosia	1719792000	10800	EEST
Asia/Nicosia	4102444800	7200	EET
Asia/Nicosia	4118083200	10800	EEST
Asia/Nicosia	9223372036854775807	7200	EET
Asia/Novokuznetsk	-9223372036854775808	20928	LMT
Asia/Novokuznetsk	-62167219200	20928	LMT
Asia/Novokuznetsk	0	25200	+07
Asia/Novokuznetsk	1704067200	25200	+07
Asia/Novokuznetsk	1719792000	25200	+07
Asia/Novokuznetsk	4102444800	25200	+07
Asia/Novokuznetsk	4118083200	25200	+07
Asia/Novokuznetsk	9223372036854775807	25200	+07
Asia/Novosibirsk	-9223372036854775808	19900	LMT
Asia/Novosibirsk	-62167219200	19900	LMT
Asia/Novosibirsk	0	25200	+07
Asia/Novosibirsk	1704067200	25200	+07
Asia/Novosibirsk	1719792000	25200	+07
Asia/Novosibirsk	4102444800	25200	+07
Asia/Novosibirsk	4118083200	25200	+07
Asia/Novosibirsk	9223372036854775807	25200	+07
Asia/Omsk	-9223372036854775808	17610	LMT
Asia/Omsk	-62167219200	17610	LMT
Asia/Omsk	0	21600	+06
Asia/Omsk	1704067200	21600	+06
Asia/Omsk	1719792000	21600	+06
Asia/Omsk	4102444800	21600	+06
Asia/Omsk	4118083200	21600	+06
Asia/Omsk	9223372036854775807	21600	+06
Asia/Oral	-9223372036854775808	12324	LMT
Asia/Oral	-62167219200	12324	LMT
Asia/Oral	0	18000	+05
Asia/Oral	1704067200	18000	+05
Asia/Oral	1719792000	18000	+05
Asia/Oral	4102444800	18000	+05
Asia/Oral	4118083200	18000	+05
Asia/Oral	9223372036854775807	18000	+05
Asia/Phnom_Penh	-9223372036854775808	25180	LMT
Asia/Phnom_Penh	-62167219200	25180	LMT
Asia/Phnom_Penh	0	25200	+07
Asia/Phnom_Penh	1704067200	25200	+07
Asia/Phnom_Penh	1719792000	25200	+07
Asia/Phnom_Penh	4102444800	25200	+07
Asia/Phnom_Penh	4118083200	25200	+07
Asia/Phnom_Penh	9223372036854775807	25200	+07
Asia/Pontianak	-9223372036854775808	26240	LMT
Asia/Pontianak	-62167219200	26240	LMT
Asia/Pontianak	0	28800	WITA
Asia/Pontianak	1704067200	25200	WIB
Asia/Pontianak	1719792000	25200	WIB
Asia/Pontianak	4102444800	25200	WIB
Asia/Pontianak	4118083200	25200	WIB
Asia/Pontianak	9223372036854775807	25200	WIB
Asia/Pyongyang	-9223372036854775808	30180	LMT
Asia/Pyongyang	-62167219200	30180	LMT
Asia/Pyongyang	0	32400	KST
Asia/Pyongyang	1704067200	32400	KST
Asia/Pyongyang	1719792000	32400	KST
Asia/Pyongyang	4102444800	32400	KST
Asia/Pyongyang	4118083200	32400	KST
Asia/Pyongyang	9223372036854775807	32400	KST
Asia/Qatar	-9223372036854775808	12368	LMT
Asia/Qatar	-62167219200	12368	LMT
Asia/Qatar	0	14400	+04
Asia/Qatar	1704067200	10800	+03
Asia/Qatar	1719792000	10800	+03
Asia/Qatar	4102444800	10800	+03
Asia/Qatar	4118083200	10800	+03
Asia/Qatar	9223372036854775807	10800	+03
Asia/Qostanay	-9223372036854775808	15268	LMT
Asia/Qostanay	-62167219200	15268	LMT
Asia/Qostanay	0	18000	+05
Asia/Qostanay	1704067200	21600	+06
Asia/Qostanay	1719792000	18000	+05
Asia/Qostanay	4102444800	18000	+05
Asia/Qostanay	4118083200	18000	+05
Asia/Qostanay	9223372036854775807	18000	+05
Asia/Qyzylorda	-9223372036854775808	15712	LMT
Asia/Qyzylorda	-62167219200	15712	LMT
Asia/Qyzylorda	0	18000	+05
Asia/Qyzylorda	1704067200	18000	+05
Asia/Qyzylorda	1719792000	18000	+05
Asia/Qyzylorda	4102444800	18000	+05
Asia/Qyzylorda	4118083200	18000	+05
Asia/Qyzylorda	9223372036854775807	18000	+05
Asia/Rangoon	-9223372036854775808	23087	LMT
Asia/Rangoon	-62167219200	23087	LMT
Asia/Rangoon	0	23400	+0630
Asia/Rangoon	1704067200	23400	+0630
Asia/Rangoon	1719792000	23400	+0630
Asia/Rangoon	4102444800	23400	+0630
Asia/Rangoon	4118083200	23400	+0630
Asia/Rangoon	9223372036854775807	23400	+0630
Asia/Riyadh	-9223372036854775808	11212	LMT
Asia/Riyadh	-62167219200	11212	LMT
Asia/Riyadh	0	10800	+03
Asia/Riyadh	1704067200	10800	+03
Asia/Riyadh	1719792000	10800	+03
Asia/Riyadh	4102444800	10800	+03
Asia/Riyadh	4118083200	10800	+03
Asia/Riyadh	9223372036854775807	10800	+03
Asia/Saigon	-9223372036854775808	25590	LMT
Asia/Saigon	-62167219200	25590	LMT
Asia/Saigon	0	28800	+08
Asia/Saigon	1704067200	25200	+07
Asia/Saigon	1719792000	25200	+07
Asia/Saigon	4102444800	25200	+07
Asia/Saigon	4118083200	25200	+07
Asia/Saigon	9223372036854775807	25200	+07
Asia/Sakhalin	-9223372036854775808	34248	LMT
Asia/Sakhalin	-62167219200	34248	LMT
Asia/Sakhalin	0	39600	+11
Asia/Sakhalin	1704067200	39600	+11
Asia/Sakhalin	1719792000	39600	+11
Asia/Sakhalin	4102444800	39600	+11
Asia/Sakhalin	4118083200	39600	+11
Asia/Sakhalin	9223372036854775807	39600	+11
Asia/Samarkand	-9223372036854775808	16073	LMT
Asia/Samarkand	-62167219200	16073	LMT
Asia/Samarkand	0	18000	+05
Asia/Samarkand	1704067200	18000	+05
Asia/Samarkand	1719792000	18000	+05
Asia/Samarkand	4102444800	18000	+05
Asia/Samarkand	4118083200	18000	+05
Asia/Samarkand	9223372036854775807	18000	+05
Asia/Seoul	-9223372036854775808	30472	LMT
Asia/Seoul	-62167219200	30472	LMT
Asia/Seoul	0	32400	KST
Asia/Seoul	1704067200	32400	KST
Asia/Seoul	1719792000	32400	KST
Asia/Seoul	4102444800	32400	KST
Asia/Seoul	4118083200	32400	KST
Asia/Seoul	9223372036854775807	32400	KST
Asia/Shanghai	-9223372036854775808	29143	LMT
Asia/Shanghai	-62167219200	29143	LMT
Asia/Shanghai	0	28800	CST
Asia/Shanghai	1704067200	28800	CST
Asia/Shanghai	1719792000	28800	CST
Asia/Shanghai	4102444800	28800	CST
Asia/Shanghai	4118083200	28800	CST
Asia/Shanghai	9223372036854775807	28800	CST
Asia/Singapore	-9223372036854775808	24925	LMT
Asia/Singapore	-62167219200	24925	LMT
Asia/Singapore	0	27000	+0730
Asia/Singapore	1704067200	28800	+08
Asia/Singapore	1719792000	28800	+08
Asia/Singapore	4102444800	28800	+08
Asia/Singapore	4118083200	28800	+08
Asia/Singapore	9223372036854775807	28800	+08
Asia/Srednekolymsk	-9223372036854775808	36892	LMT
Asia/Srednekolymsk	-62167219200	36892	LMT
Asia/Srednekolymsk	0	39600	+11
Asia/Srednekolymsk	1704067200	39600	+11
Asia/Srednekolymsk	1719792000	39600	+11
Asia/Srednekolymsk	4102444800	39600	+11
Asia/Srednekolymsk	4118083200	39600	+11
Asia/Srednekolymsk	9223372036854775807	39600	+11
Asia/Taipei	-9223372036854775808	29160	LMT
Asia/Taipei	-62167219200	29160	LMT
Asia/Taipei	0	28800	CST
Asia/Taipei	1704067200	28800	CST
Asia/Taipei	1719792000	28800	CST
Asia/Taipei	4102444800	28800	CST
Asia/Taipei	4118083200	28800	CST
Asia/Taipei	9223372036854775807	28800	CST
Asia/Tashkent	-9223372036854775808	16631	LMT
Asia/Tashkent	-62167219200	16631	LMT
Asia/Tashkent	0	21600	+06
Asia/Tashkent	1704067200	18000	+05
Asia/Tashkent	1719792000	18000	+05
Asia/Tashkent	4102444800	18000	+05
Asia/Tashkent	4118083200	18000	+05
Asia/Tashkent	9223372036854775807	18000	+05
Asia/Tbilisi	-9223372036854775808	10751	LMT
Asia/Tbilisi	-62167219200	10751	LMT
Asia/Tbilisi	0	14400	+04
Asia/Tbilisi	1704067200	14400	+04
Asia/Tbilisi	1719792000	14400	+04
Asia/Tbilisi	4102444800	14400	+04
Asia/Tbilisi	4118083200	14400	+04
Asia/Tbilisi	9223372036854775807	14400	+04
Asia/Tehran	-9223372036854775808	12344	LMT
Asia/Tehran	-62167219200	12344	LMT
Asia/Tehran	0	12600	+0330
Asia/Tehran	1704067200	12600	+0330
Asia/Tehran	1719792000	12600	+0330
Asia/Tehran	4102444800	12600	+0330
Asia/Tehran	4118083200	12600	+0330
Asia/Tehran	9223372036854775807	12600	+0330
Asia/Tel_Aviv	-9223372036854775808	8454	LMT
Asia/Tel_Aviv	-62167219200	8454	LMT
Asia/Tel_Aviv	0	7200	IST
Asia/Tel_Aviv	1704067200	7200	IST
Asia/Tel_Aviv	1719792000	10800	IDT
Asia/Tel_Aviv	4102444800	7200	IST
Asia/Tel_Aviv	4118083200	10800	IDT
Asia/Tel_Aviv	9223372036854775807	7200	IST
Asia/Thimbu	-9223372036854775808	21516	LMT
Asia/Thimbu	-62167219200	21516	LMT
Asia/Thimbu	0	19800	+0530
Asia/Thimbu	1704067200	21600	+06
Asia/Thimbu	1719792000	21600	+06
Asia/Thimbu	4102444800	21600	+06
Asia/Thimbu	4118083200	21600	+06
Asia/Thimbu	9223372036854775807	21600	+06
Asia/Thimphu	-9223372036854775808	21516	LMT
Asia/Thimphu	-62167219200	21516	LMT
Asia/Thimphu	0	19800	+0530
Asia/Thimphu	1704067200	21600	+06
Asia/Thimphu	1719792000	21600	+06
Asia/Thimphu	4102444800	21600	+06
Asia/Thimphu	4118083200	21600	+06
Asia/Thimphu	9223372036854775807	21600	+06
Asia/Tokyo	-9223372036854775808	33539	LMT
Asia/Tokyo	-62167219200	33539	LMT
Asia/Tokyo	0	32400	JST
Asia/Tokyo	1704067200	32400	JST
Asia/Tokyo	1719792000	32400	JST
Asia/Tokyo	4102444800	32400	JST
Asia/Tokyo	4118083200	32400	JST
Asia/Tokyo	9223372036854775807	32400	JST
Asia/Tomsk	-9223372036854775808	20391	LMT
Asia/Tomsk	-62167219200	20391	LMT
Asia/Tomsk	0	25200	+07
Asia/Tomsk	1704067200	25200	+07
Asia/Tomsk	1719792000	25200	+07
Asia/Tomsk	4102444800	25200	+07
Asia/Tomsk	4118083200	25200	+07
Asia/Tomsk	9223372036854775807	25200	+07
Asia/Ujung_Pandang	-9223372036854775808	28656	LMT
Asia/Ujung_Pandang	-62167219200	28656	LMT
Asia/Ujung_Pandang	0	28800	WITA
Asia/Ujung_Pandang	1704067200	28800	WITA
Asia/Ujung_Pandang	1719792000	28800	WITA
Asia/Ujung_Pandang	4102444800	28800	WITA
Asia/Ujung_Pandang	4118083200	28800	WITA
Asia/Ujung_Pandang	9223372036854775807	28800	WITA
Asia/Ulaanbaatar	-9223372036854775808	25652	LMT
Asia/Ulaanbaatar	-62167219200	25652	LMT
Asia/Ulaanbaatar	0	25200	+07
Asia/Ulaanbaatar	1704067200	28800	+08
Asia/Ulaanbaatar	1719792000	28800	+08
Asia/Ulaanbaatar	4102444800	28800	+08
Asia/Ulaanbaatar	4118083200	28800	+08
Asia/Ulaanbaatar	9223372036854775807	28800	+08
Asia/Ulan_Bator	-9223372036854775808	25652	LMT
Asia/Ulan_Bator	-62167219200	25652	LMT
Asia/Ulan_Bator	0	25200	+07
Asia/Ulan_Bator	1704067200	28800	+08
Asia/Ulan_Bator	1719792000	28800	+08
Asia/Ulan_Bator	4102444800	28800	+08
Asia/Ulan_Bator	4118083200	28800	+08
Asia/Ulan_Bator	9223372036854775807	28800	+08
Asia/Urumqi	-9223372036854775808	21020	LMT
Asia/Urumqi	-62167219200	21020	LMT
Asia/Urumqi	0	21600	+06
Asia/Urumqi	1704067200	21600	+06
Asia/Urumqi	1719792000	21600	+06
Asia/Urumqi	4102444800	21600	+06
Asia/Urumqi	4118083200	21600	+06
Asia/Urumqi	9223372036854775807	21600	+06
Asia/Ust-Nera	-9223372036854775808	34374	LMT
Asia/Ust-Nera	-62167219200	34374	LMT
Asia/Ust-Nera	0	32400	+09
Asia/Ust-Nera	1704067200	36000	+10
Asia/Ust-Nera	1719792000	36000	+10
Asia/Ust-Nera	4102444800	36000	+10
Asia/Ust-Nera	4118083200	36000	+10
Asia/Ust-Nera	9223372036854775807	36000	+10
Asia/Vientiane	-9223372036854775808	24624	LMT
Asia/Vientiane	-62167219200	24624	LMT
Asia/Vientiane	0	25200	+07
Asia/Vientiane	1704067200	25200	+07
Asia/Vientiane	1719792000	25200	+07
Asia/Vientiane	4102444800	25200	+07
Asia/Vientiane	4118083200	25200	+07
Asia/Vientiane	9223372036854775807	25200	+07
Asia/Vladivostok	-9223372036854775808	31651	LMT
Asia/Vladivostok	-62167219200	31651	LMT
Asia/Vladivostok	0	36000	+10
Asia/Vladivostok	1704067200	36000	+10
Asia/Vladivostok	1719792000	36000	+10
Asia/Vladivostok	4102444800	36000	+10
Asia/Vladivostok	4118083200	36000	+10
Asia/Vladivostok	9223372036854775807	36000	+10
Asia/Yakutsk	-9223372036854775808	31138	LMT
Asia/Yakutsk	-62167219200	31138	LMT
Asia/Yakutsk	0	32400	+09
Asia/Yakutsk	1704067200	32400	+09
Asia/Yakutsk	1719792000	32400	+09
Asia/Yakutsk	4102444800	32400	+09
Asia/Yakutsk	4118083200	32400	+09
Asia/Yakutsk	9223372036854775807	32400	+09
Asia/Yangon	-9223372036854775808	23087	LMT
Asia/Yangon	-62167219200	23087	LMT
Asia/Yangon	0	23400	+0630
Asia/Yangon	1704067200	23400	+0630
Asia/Yangon	1719792000	23400	+0630
Asia/Yangon	4102444800	23400	+0630
Asia/Yangon	4118083200	23400	+0630
Asia/Yangon	9223372036854775807	23400	+0630
Asia/Yekaterinburg	-9223372036854775808	14553	LMT
Asia/Yekaterinburg	-62167219200	14553	LMT
Asia/Yekaterinburg	0	18000	+05
Asia/Yekaterinburg	1704067200	18000	+05
Asia/Yekaterinburg	1719792000	18000	+05
Asia/Yekaterinburg	4102444800	18000	+05
Asia/Yekaterinburg	4118083200	18000	+05
Asia/Yekaterinburg	9223372036854775807	18000	+05
Asia/Yerevan	-9223372036854775808	10680	LMT
Asia/Yerevan	-62167219200	10680	LMT
Asia/Yerevan	0	14400	+04
Asia/Yerevan	1704067200	14400	+04
Asia/Yerevan	1719792000	14400	+04
Asia/Yerevan	4102444800	14400	+04
Asia/Yerevan	4118083200	14400	+04
Asia/Yerevan	9223372036854775807	14400	+04
Atlantic/Azores	-9223372036854775808	-6160	LMT
Atlantic/Azores	-62167219200	-6160	LMT
Atlantic/Azores	0	-3600	-01
Atlantic/Azores	1704067200	-3600	-01
Atlantic/Azores	1719792000	0	+00
Atlantic/Azores	4102444800	-3600	-01
Atlantic/Azores	4118083200	0	+00
Atlantic/Azores	9223372036854775807	-3600	-01
Atlantic/Bermuda	-9223372036854775808	-15558	LMT
Atlantic/Bermuda	-62167219200	-15558	LMT
Atlantic/Bermuda	0	-14400	AST
Atlantic/Bermuda	1704067200	-14400	AST
Atlantic/Bermuda	1719792000	-10800	ADT
Atlantic/Bermuda	4102444800	-14400	AST
Atlantic/Bermuda	4118083200	-10800	ADT
Atlantic/Bermuda	9223372036854775807	-14400	AST
Atlantic/Canary	-9223372036854775808	-3696	LMT
Atlantic/Canary	-62167219200	-3696	LMT
Atlantic/Canary	0	0	WET
Atlantic/Canary	1704067200	0	WET
Atlantic/Canary	1719792000	3600	WEST
Atlantic/Canary	4102444800	0	WET
Atlantic/Canary	4118083200	3600	WEST
Atlantic/Canary	9223372036854775807	0	WET
Atlantic/Cape_Verde	-9223372036854775808	-5644	LMT
Atlantic/Cape_Verde	-62167219200	-5644	LMT
Atlantic/Cape_Verde	0	-7200	-02
Atlantic/Cape_Verde	1704067200	-3600	-01
Atlantic/Cape_Verde	1719792000	-3600	-01
Atlantic/Cape_Verde	4102444800	-3600	-01
Atlantic/Cape_Verde	4118083200	-3600	-01
Atlantic/Cape_Verde	9223372036854775807	-3600	-01
Atlantic/Faeroe	-9223372036854775808	-1624	LMT
Atlantic/Faeroe	-62167219200	-1624	LMT
Atlantic/Faeroe	0	0	WET
Atlantic/Faeroe	1704067200	0	WET
Atlantic/Faeroe	1719792000	3600	WEST
Atlantic/Faeroe	4102444800	0	WET
Atlantic/Faeroe	4118083200	3600	WEST
Atlantic/Faeroe	9223372036854775807	0	WET
Atlantic/Faroe	-9223372036854775808	-1624	LMT
Atlantic/Faroe	-62167219200	-1624	LMT
Atlantic/Faroe	0	0	WET
Atlantic/Faroe	1704067200	0	WET
Atlantic/Faroe	1719792000	3600	WEST
Atlantic/Faroe	4102444800	0	WET
Atlantic/Faroe	4118083200	3600	WEST
Atlantic/Faroe	9223372036854775807	0	WET
Atlantic/Jan_Mayen	-9223372036854775808	3208	LMT
Atlantic/Jan_Mayen	-62167219200	3208	LMT
Atlantic/Jan_Mayen	0	3600	CET
Atlantic/Jan_Mayen	1704067200	3600	CET
Atlantic/Jan_Mayen	1719792000	7200	CEST
Atlantic/Jan_Mayen	4102444800	3600	CET
Atlantic/Jan_Mayen	4118083200	7200	CEST
Atlantic/Jan_Mayen	9223372036854775807	3600	CET
Atlantic/Madeira	-9223372036854775808	-4056	LMT
Atlantic/Madeira	-62167219200	-4056	LMT
Atlantic/Madeira	0	0	WET
Atlantic/Madeira	1704067200	0	WET
Atlantic/Madeira	1719792000	3600	WEST
Atlantic/Madeira	4102444800	0	WET
Atlantic/Madeira	4118083200	3600	WEST
Atlantic/Madeira	9223372036854775807	0	WET
Atlantic/Reykjavik	-9223372036854775808	-5280	LMT
Atlantic/Reykjavik	-62167219200	-5280	LMT
Atlantic/Reykjavik	0	0	GMT
Atlantic/Reykjavik	1704067200	0	GMT
Atlantic/Reykjavik	1719792000	0	GMT
Atlantic/Reykjavik	4102444800	0	GMT
Atlantic/Reykjavik	4118083200	0	GMT
Atlantic/Reykjavik	9223372036854775807	0	GMT
Atlantic/South_Georgia	-9223372036854775808	-8768	LMT
Atlantic/South_Georgia	-62167219200	-8768	LMT
Atlantic/South_Georgia	0	-7200	-02
Atlantic/South_Georgia	1704067200	-7200	-02
Atlantic/South_Georgia	1719792000	-7200	-02
Atlantic/South_Georgia	4102444800	-7200	-02
Atlantic/South_Georgia	4118083200	-7200	-02
Atlantic/South_Georgia	9223372036854775807	-7200	-02
Atlantic/St_Helena	-9223372036854775808	-1368	LMT
Atlantic/St_Helena	-62167219200	-1368	LMT
Atlantic/St_Helena	0	0	GMT
Atlantic/St_Helena	1704067200	0	GMT
Atlantic/St_Helena	1719792000	0	GMT
Atlantic/St_Helena	4102444800	0	GMT
Atlantic/St_Helena	4118083200	0	GMT
Atlantic/St_Helena	9223372036854775807	0	GMT
Atlantic/Stanley	-9223372036854775808	-13884	LMT
Atlantic/Stanley	-62167219200	-13884	LMT
Atlantic/Stanley	0	-14400	-04
Atlantic/Stanley	1704067200	-10800	-03
Atlantic/Stanley	1719792000	-10800	-03
Atlantic/Stanley	4102444800	-10800	-03
Atlantic/Stanley	4118083200	-10800	-03
Atlantic/Stanley	9223372036854775807	-10800	-03
Australia/ACT	-9223372036854775808	36292	LMT
Australia/ACT	-62167219200	36292	LMT
Australia/ACT	0	36000	AEST
Australia/ACT	1704067200	39600	AEDT
Australia/ACT	1719792000	36000	AEST
Australia/ACT	4102444800	39600	AEDT
Australia/ACT	4118083200	36000	AEST
Australia/ACT	9223372036854775807	39600	AEDT
Australia/Adelaide	-9223372036854775808	33260	LMT
Australia/Adelaide	-62167219200	33260	LMT
Australia/Adelaide	0	34200	ACST
Australia/Adelaide	1704067200	37800	ACDT
Australia/Adelaide	1719792000	34200	ACST
Australia/Adelaide	4102444800	37800	ACDT
Australia/Adelaide	4118083200	34200	ACST
Australia/Adelaide	9223372036854775807	37800	ACDT
Australia/Brisbane	-9223372036854775808	36728	LMT
Australia/Brisbane	-62167219200	36728	LMT
Australia/Brisbane	0	36000	AEST
Australia/Brisbane	1704067200	36000	AEST
Australia/Brisbane	1719792000	36000	AEST
Australia/Brisbane	4102444800	36000	AEST
Australia/Brisbane	4118083200	36000	AEST
Australia/Brisbane	9223372036854775807	36000	AEST
Australia/Broken_Hill	-9223372036854775808	33948	LMT
Australia/Broken_Hill	-62167219200	33948	LMT
Australia/Broken_Hill	0	34200	ACST
Australia/Broken_Hill	1704067200	37800	ACDT
Australia/Broken_Hill	1719792000	34200	ACST
Australia/Broken_Hill	4102444800	37800	ACDT
Australia/Broken_Hill	4118083200	34200	ACST
Australia/Broken_Hill	9223372036854775807	37800	ACDT
Australia/Canberra	-9223372036854775808	36292	LMT
Australia/Canberra	-62167219200	36292	LMT
Australia/Canberra	0	36000	AEST
Australia/Canberra	1704067200	39600	AEDT
Australia/Canberra	1719792000	36000	AEST
Australia/Canberra	4102444800	39600	AEDT
Australia/Canberra	4118083200	36000	AEST
Australia/Canberra	9223372036854775807	39600	AEDT
Australia/Currie	-9223372036854775808	35356	LMT
Australia/Currie	-62167219200	35356	LMT
Australia/Currie	0	39600	AEDT
Australia/Currie	1704067200	39600	AEDT
Australia/Currie	1719792000	36000	AEST
Australia/Currie	4102444800	39600	AEDT
Australia/Currie	4118083200	36000	AEST
Australia/Currie	9223372036854775807	39600	AEDT
Australia/Darwin	-9223372036854775808	31400	LMT
Australia/Darwin	-62167219200	31400	LMT
Australia/Darwin	0	34200	ACST
Australia/Darwin	1704067200	34200	ACST
Australia/Darwin	1719792000	34200	ACST
Australia/Darwin	4102444800	34200	ACST
Australia/Darwin	4118083200	34200	ACST
Australia/Darwin	9223372036854775807	34200	ACST
Australia/Eucla	-9223372036854775808	30928	LMT
Australia/Eucla	-62167219200	30928	LMT
Australia/Eucla	0	31500	+0845
Australia/Eucla	1704067200	31500	+0845
Australia/Eucla	1719792000	31500	+0845
Australia/Eucla	4102444800	31500	+0845
Australia/Eucla	4118083200	31500	+0845
Australia/Eucla	9223372036854775807	31500	+0845
Australia/Hobart	-9223372036854775808	35356	LMT
Australia/Hobart	-62167219200	35356	LMT
Australia/Hobart	0	39600	AEDT
Australia/Hobart	1704067200	39600	AEDT
Australia/Hobart	1719792000	36000	AEST
Australia/Hobart	4102444800	39600	AEDT
Australia/Hobart	4118083200	36000	AEST
Australia/Hobart	9223372036854775807	39600	AEDT
Australia/LHI	-9223372036854775808	38180	LMT
Australia/LHI	-62167219200	38180	LMT
Australia/LHI	0	36000	AEST
Australia/LHI	1704067200	39600	+11
Australia/LHI	1719792000	37800	+1030
Australia/LHI	4102444800	39600	+11
Australia/LHI	4118083200	37800	+1030
Australia/LHI	9223372036854775807	39600	+11
Australia/Lindeman	-9223372036854775808	35756	LMT
Australia/Lindeman	-62167219200	35756	LMT
Australia/Lindeman	0	36000	AEST
Australia/Lindeman	1704067200	36000	AEST
Australia/Lindeman	1719792000	36000	AEST
Australia/Lindeman	4102444800	36000	AEST
Australia/Lindeman	4118083200	36000	AEST
Australia/Lindeman	9223372036854775807	36000	AEST
Australia/Lord_Howe	-9223372036854775808	38180	LMT
Australia/Lord_Howe	-62167219200	38180	LMT
Australia/Lord_Howe	0	36000	AEST
Australia/Lord_Howe	1704067200	39600	+11
Australia/Lord_Howe	1719792000	37800	+1030
Australia/Lord_Howe	4102444800	39600	+11
Australia/Lord_Howe	4118083200	37800	+1030
Australia/Lord_Howe	9223372036854775807	39600	+11
Australia/Melbourne	-9223372036854775808	34792	LMT
Australia/Melbourne	-62167219200	34792	LMT
Australia/Melbourne	0	36000	AEST
Australia/Melbourne	1704067200	39600	AEDT
Australia/Melbourne	1719792000	36000	AEST
Australia/Melbourne	4102444800	39600	AEDT
Australia/Melbourne	4118083200	36000	AEST
Australia/Melbourne	9223372036854775807	39600	AEDT
Australia/NSW	-9223372036854775808	36292	LMT
Australia/NSW	-62167219200	36292	LMT
Australia/NSW	0	36000	AEST
Australia/NSW	1704067200	39600	AEDT
Australia/NSW	1719792000	36000	AEST
Australia/NSW	4102444800	39600	AEDT
Australia/NSW	4118083200	36000	AEST
Australia/NSW	9223372036854775807	39600	AEDT
Australia/North	-9223372036854775808	31400	LMT
Australia/North	-62167219200	31400	LMT
Australia/North	0	34200	ACST
Australia/North	1704067200	34200	ACST
Australia/North	1719792000	34200	ACST
Australia/North	4102444800	34200	ACST
Australia/North	4118083200	34200	ACST
Australia/North	9223372036854775807	34200	ACST
Australia/Perth	-9223372036854775808	27804	LMT
Australia/Perth	-62167219200	27804	LMT
Australia/Perth	0	28800	AWST
Australia/Perth	1704067200	28800	AWST
Australia/Perth	1719792000	28800	AWST
Australia/Perth	4102444800	28800	AWST
Australia/Perth	4118083200	28800	AWST
Australia/Perth	9223372036854775807	28800	AWST
Australia/Queensland	-9223372036854775808	36728	LMT
Australia/Queensland	-62167219200	36728	LMT
Australia/Queensland	0	36000	AEST
Australia/Queensland	1704067200	36000	AEST
Australia/Queensland	1719792000	36000	AEST
Australia/Queensland	4102444800	36000	AEST
Australia/Queensland	4118083200	36000	AEST
Australia/Queensland	9223372036854775807	36000	AEST
Australia/South	-9223372036854775808	33260	LMT
Australia/South	-62167219200	33260	LMT
Australia/South	0	34200	ACST
Australia/South	1704067200	37800	ACDT
Australia/South	1719792000	34200	ACST
Australia/South	4102444800	37800	ACDT
Australia/South	4118083200	34200	ACST
Australia/South	9223372036854775807	37800	ACDT
Australia/Sydney	-9223372036854775808	36292	LMT
Australia/Sydney	-62167219200	36292	LMT
Australia/Sydney	0	36000	AEST
Australia/Sydney	1704067200	39600	AEDT
Australia/Sydney	1719792000	36000	AEST
Australia/Sydney	4102444800	39600	AEDT
Australia/Sydney	4118083200	36000	AEST
Australia/Sydney	9223372036854775807	39600	AEDT
Australia/Tasmania	-9223372036854775808	35356	LMT
Australia/Tasmania	-62167219200	35356	LMT
Australia/Tasmania	0	39600	AEDT
Australia/Tasmania	1704067200	39600	AEDT
Australia/Tasmania	1719792000	36000	AEST
Australia/Tasmania	4102444800	39600	AEDT
Australia/Tasmania	4118083200	36000	AEST
Australia/Tasmania	9223372036854775807	39600	AEDT
Australia/Victoria	-9223372036854775808	34792	LMT
Australia/Victoria	-62167219200	34792	LMT
Australia/Victoria	0	36000	AEST
Australia/Victoria	1704067200	39600	AEDT
Australia/Victoria	1719792000	36000	AEST
Australia/Victoria	4102444800	39600	AEDT
Australia/Victoria	4118083200	36000	AEST
Australia/Victoria	9223372036854775807	39600	AEDT
Australia/West	-9223372036854775808	27804	LMT
Australia/West	-62167219200	27804	LMT
Australia/West	0	28800	AWST
Australia/West	1704067200	28800	AWST
Australia/West	1719792000	28800	AWST
Australia/West	4102444800	28800	AWST
Australia/West	4118083200	28800	AWST
Australia/West	9223372036854775807	28800	AWST
Australia/Yancowinna	-9223372036854775808	33948	LMT
Australia/Yancowinna	-62167219200	33948	LMT
Australia/Yancowinna	0	34200	ACST
Australia/Yancowinna	1704067200	37800	ACDT
Australia/Yancowinna	1719792000	34200	ACST
Australia/Yancowinna	4102444800	37800	ACDT
Australia/Yancowinna	4118083200	34200	ACST
Australia/Yancowinna	9223372036854775807	37800	ACDT
Brazil/Acre	-9223372036854775808	-16272	LMT
Brazil/Acre	-62167219200	-16272	LMT
Brazil/Acre	0	-18000	-05
Brazil/Acre	1704067200	-18000	-05
Brazil/Acre	1719792000	-18000	-05
Brazil/Acre	4102444800	-18000	-05
Brazil/Acre	4118083200	-18000	-05
Brazil/Acre	9223372036854775807	-18000	-05
Brazil/DeNoronha	-9223372036854775808	-7780	LMT
Brazil/DeNoronha	-62167219200	-7780	LMT
Brazil/DeNoronha	0	-7200	-02
Brazil/DeNoronha	1704067200	-7200	-02
Brazil/DeNoronha	1719792000	-7200	-02
Brazil/DeNoronha	4102444800	-7200	-02
Brazil/DeNoronha	4118083200	-7200	-02
Brazil/DeNoronha	9223372036854775807	-7200	-02
Brazil/East	-9223372036854775808	-11188	LMT
Brazil/East	-62167219200	-11188	LMT
Brazil/East	0	-10800	-03
Brazil/East	1704067200	-10800	-03
Brazil/East	1719792000	-10800	-03
Brazil/East	4102444800	-10800	-03
Brazil/East	4118083200	-10800	-03
Brazil/East	9223372036854775807	-10800	-03
Brazil/West	-9223372036854775808	-14404	LMT
Brazil/West	-62167219200	-14404	LMT
Brazil/West	0	-14400	-04
Brazil/West	1704067200	-14400	-04
Brazil/West	1719792000	-14400	-04
Brazil/West	4102444800	-14400	-04
Brazil/West	4118083200	-14400	-04
Brazil/West	9223372036854775807	-14400	-04
CET	-9223372036854775808	1050	LMT
CET	-62167219200	1050	LMT
CET	0	3600	CET
CET	1704067200	3600	CET
CET	1719792000	7200	CEST
CET	4102444800	3600	CET
CET	4118083200	7200	CEST
CET	9223372036854775807	3600	CET
CST6CDT	-9223372036854775808	-21036	LMT
CST6CDT	-62167219200	-21036	LMT
CST6CDT	0	-21600	CST
CST6CDT	1704067200	-21600	CST
CST6CDT	1719792000	-18000	CDT
CST6CDT	4102444800	-21600	CST
CST6CDT	4118083200	-18000	CDT
CST6CDT	9223372036854775807	-21600	CST
Canada/Atlantic	-9223372036854775808	-15264	LMT
Canada/Atlantic	-62167219200	-15264	LMT
Canada/Atlantic	0	-14400	AST
Canada/Atlantic	1704067200	-14400	AST
Canada/Atlantic	1719792000	-10800	ADT
Canada/Atlantic	4102444800	-14400	AST
Canada/Atlantic	4118083200	-10800	ADT
Canada/Atlantic	9223372036854775807	-14400	AST
Canada/Central	-9223372036854775808	-23316	LMT
Canada/Central	-62167219200	-23316	LMT
Canada/Central	0	-21600	CST
Canada/Central	1704067200	-21600	CST
Canada/Central	1719792000	-18000	CDT
Canada/Central	4102444800	-21600	CST
Canada/Central	4118083200	-18000	CDT
Canada/Central	9223372036854775807	-21600	CST
Canada/Eastern	-9223372036854775808	-19052	LMT
Canada/Eastern	-62167219200	-19052	LMT
Canada/Eastern	0	-18000	EST
Canada/Eastern	1704067200	-18000	EST
Canada/Eastern	1719792000	-14400	EDT
Canada/Eastern	4102444800	-18000	EST
Canada/Eastern	4118083200	-14400	EDT
Canada/Eastern	9223372036854775807	-18000	EST
Canada/Mountain	-9223372036854775808	-27232	LMT
Canada/Mountain	-62167219200	-27232	LMT
Canada/Mountain	0	-25200	MST
Canada/Mountain	1704067200	-25200	MST
Canada/Mountain	1719792000	-21600	MDT
Canada/Mountain	4102444800	-25200	MST
Canada/Mountain	4118083200	-21600	MDT
Canada/Mountain	9223372036854775807	-25200	MST
Canada/Newfoundland	-9223372036854775808	-12652	LMT
Canada/Newfoundland	-62167219200	-12652	LMT
Canada/Newfoundland	0	-12600	NST
Canada/Newfoundland	1704067200	-12600	NST
Canada/Newfoundland	1719792000	-9000	NDT
Canada/Newfoundland	4102444800	-12600	NST
Canada/Newfoundland	4118083200	-9000	NDT
Canada/Newfoundland	9223372036854775807	-12600	NST
Canada/Pacific	-9223372036854775808	-29548	LMT
Canada/Pacific	-62167219200	-29548	LMT
Canada/Pacific	0	-28800	PST
Canada/Pacific	1704067200	-28800	PST
Canada/Pacific	1719792000	-25200	PDT
Canada/Pacific	4102444800	-28800	PST
Canada/Pacific	4118083200	-25200	PDT
Canada/Pacific	9223372036854775807	-28800	PST
Canada/Saskatchewan	-9223372036854775808	-25116	LMT
Canada/Saskatchewan	-62167219200	-25116	LMT
Canada/Saskatchewan	0	-21600	CST
Canada/Saskatchewan	1704067200	-21600	CST
Canada/Saskatchewan	1719792000	-21600	CST
Canada/Saskatchewan	4102444800	-21600	CST
Canada/Saskatchewan	4118083200	-21600	CST
Canada/Saskatchewan	9223372036854775807	-21600	CST
Canada/Yukon	-9223372036854775808	-32412	LMT
Canada/Yukon	-62167219200	-32412	LMT
Canada/Yukon	0	-28800	PST
Canada/Yukon	1704067200	-25200	MST
Canada/Yukon	1719792000	-25200	MST
Canada/Yukon	4102444800	-25200	MST
Canada/Yukon	4118083200	-25200	MST
Canada/Yukon	9223372036854775807	-25200	MST
Chile/Continental	-9223372036854775808	-16965	LMT
Chile/Continental	-62167219200	-16965	LMT
Chile/Continental	0	-10800	-03
Chile/Continental	1704067200	-10800	-03
Chile/Continental	1719792000	-14400	-04
Chile/Continental	4102444800	-10800	-03
Chile/Continental	4118083200	-14400	-04
Chile/Continental	9223372036854775807	-10800	-03
Chile/EasterIsland	-9223372036854775808	-26248	LMT
Chile/EasterIsland	-62167219200	-26248	LMT
Chile/EasterIsland	0	-21600	-06
Chile/EasterIsland	1704067200	-18000	-05
Chile/EasterIsland	1719792000	-21600	-06
Chile/EasterIsland	4102444800	-18000	-05
Chile/EasterIsland	4118083200	-21600	-06
Chile/EasterIsland	9223372036854775807	-18000	-05
Cuba	-9223372036854775808	-19768	LMT
Cuba	-62167219200	-19768	LMT
Cuba	0	-18000	CST
Cuba	1704067200	-18000	CST
Cuba	1719792000	-14400	CDT
Cuba	4102444800	-18000	CST
Cuba	4118083200	-14400	CDT
Cuba	9223372036854775807	-18000	CST
EET	-9223372036854775808	5692	LMT
EET	-62167219200	5692	LMT
EET	0	7200	EET
EET	1704067200	7200	EET
EET	1719792000	10800	EEST
EET	4102444800	7200	EET
EET	4118083200	10800	EEST
EET	9223372036854775807	7200	EET
EST	-9223372036854775808	-19088	LMT
EST	-62167219200	-19088	LMT
EST	0	-18000	EST
EST	1704067200	-18000	EST
EST	1719792000	-18000	EST
EST	4102444800	-18000	EST
EST	4118083200	-18000	EST
EST	9223372036854775807	-18000	EST
EST5EDT	-9223372036854775808	-17762	LMT
EST5EDT	-62167219200	-17762	LMT
EST5EDT	0	-18000	EST
EST5EDT	1704067200	-18000	EST
EST5EDT	1719792000	-14400	EDT
EST5EDT	4102444800	-18000	EST
EST5EDT	4118083200	-14400	EDT
EST5EDT	9223372036854775807	-18000	EST
Egypt	-9223372036854775808	7509	LMT
Egypt	-62167219200	7509	LMT
Egypt	0	7200	EET
Egypt	1704067200	7200	EET
Egypt	1719792000	10800	EEST
Egypt	4102444800	7200	EET
Egypt	4118083200	10800	EEST
Egypt	9223372036854775807	7200	EET
Eire	-9223372036854775808	-1521	LMT
Eire	-62167219200	-1521	LMT
Eire	0	3600	IST
Eire	1704067200	0	GMT
Eire	1719792000	3600	IST
Eire	4102444800	0	GMT
Eire	4118083200	3600	IST
Eire	9223372036854775807	0	GMT
Etc/GMT	-9223372036854775808	0	GMT
Etc/GMT	-62167219200	0	GMT
Etc/GMT	0	0	GMT
Etc/GMT	1704067200	0	GMT
Etc/GMT	1719792000	0	GMT
Etc/GMT	4102444800	0	GMT
Etc/GMT	4118083200	0	GMT
Etc/GMT	9223372036854775807	0	GMT
Etc/GMT+0	-9223372036854775808	0	GMT
Etc/GMT+0	-62167219200	0	GMT
Etc/GMT+0	0	0	GMT
Etc/GMT+0	1704067200	0	GMT
Etc/GMT+0	1719792000	0	GMT
Etc/GMT+0	4102444800	0	GMT
Etc/GMT+0	4118083200	0	GMT
Etc/GMT+0	9223372036854775807	0	GMT
Etc/GMT+1	-9223372036854775808	-3600	-01
Etc/GMT+1	-62167219200	-3600	-01
Etc/GMT+1	0	-3600	-01
Etc/GMT+1	1704067200	-3600	-01
Etc/GMT+1	1719792000	-3600	-01
Etc/GMT+1	4102444800	-3600	-01
Etc/GMT+1	4118083200	-3600	-01
Etc/GMT+1	9223372036854775807	-3600	-01
Etc/GMT+10	-9223372036854775808	-36000	-10
Etc/GMT+10	-62167219200	-36000	-10
Etc/GMT+10	0	-36000	-10
Etc/GMT+10	1704067200	-36000	-10
Etc/GMT+10	1719792000	-36000	-10
Etc/GMT+10	4102444800	-36000	-10
Etc/GMT+10	4118083200	-36000	-10
Etc/GMT+10	9223372036854775807	-36000	-10
Etc/GMT+11	-9223372036854775808	-39600	-11
Etc/GMT+11	-62167219200	-39600	-11
Etc/GMT+11	0	-39600	-11
Etc/GMT+11	1704067200	-39600	-11
Etc/GMT+11	1719792000	-39600	-11
Etc/GMT+11	4102444800	-39600	-11
Etc/GMT+11	4118083200	-39600	-11
Etc/GMT+11	9223372036854775807	-39600	-11
Etc/GMT+12	-9223372036854775808	-43200	-12
Etc/GMT+12	-62167219200	-43200	-12
Etc/GMT+12	0	-43200	-12
Etc/GMT+12	1704067200	-43200	-12
Etc/GMT+12	1719792000	-43200	-12
Etc/GMT+12	4102444800	-43200	-12
Etc/GMT+12	4118083200	-43200	-12
Etc/GMT+12	9223372036854775807	-43200	-12
Etc/GMT+2	-9223372036854775808	-7200	-02
Etc/GMT+2	-62167219200	-7200	-02
Etc/GMT+2	0	-7200	-02
Etc/GMT+2	1704067200	-7200	-02
Etc/GMT+2	1719792000	-7200	-02
Etc/GMT+2	4102444800	-7200	-02
Etc/GMT+2	4118083200	-7200	-02
Etc/GMT+2	9223372036854775807	-7200	-02
Etc/GMT+3	-9223372036854775808	-10800	-03
Etc/GMT+3	-62167219200	-10800	-03
Etc/GMT+3	0	-10800	-03
Etc/GMT+3	1704067200	-10800	-03
Etc/GMT+3	1719792000	-10800	-03
Etc/GMT+3	4102444800	-10800	-03
Etc/GMT+3	4118083200	-10800	-03
Etc/GMT+3	9223372036854775807	-10800	-03
Etc/GMT+4	-9223372036854775808	-14400	-04
Etc/GMT+4	-62167219200	-14400	-04
Etc/GMT+4	0	-14400	-04
Etc/GMT+4	1704067200	-14400	-04
Etc/GMT+4	1719792000	-14400	-04
Etc/GMT+4	4102444800	-14400	-04
Etc/GMT+4	4118083200	-14400	-04
Etc/GMT+4	9223372036854775807	-14400	-04
Etc/GMT+5	-9223372036854775808	-18000	-05
Etc/GMT+5	-62167219200	-18000	-05
Etc/GMT+5	0	-18000	-05
Etc/GMT+5	1704067200	-18000	-05
Etc/GMT+5	1719792000	-18000	-05
Etc/GMT+5	4102444800	-18000	-05
Etc/GMT+5	4118083200	-18000	-05
Etc/GMT+5	9223372036854775807	-18000	-05
Etc/GMT+6	-9223372036854775808	-21600	-06
Etc/GMT+6	-62167219200	-21600	-06
Etc/GMT+6	0	-21600	-06
Etc/GMT+6	1704067200	-21600	-06
Etc/GMT+6	1719792000	-21600	-06
Etc/GMT+6	4102444800	-21600	-06
Etc/GMT+6	4118083200	-21600	-06
Etc/GMT+6	9223372036854775807	-21600	-06
Etc/GMT+7	-9223372036854775808	-25200	-07
Etc/GMT+7	-62167219200	-25200	-07
Etc/GMT+7	0	-25200	-07
Etc/GMT+7	1704067200	-25200	-07
Etc/GMT+7	1719792000	-25200	-07
Etc/GMT+7	4102444800	-25200	-07
Etc/GMT+7	4118083200	-25200	-07
Etc/GMT+7	9223372036854775807	-25200	-07
Etc/GMT+8	-9223372036854775808	-28800	-08
Etc/GMT+8	-62167219200	-28800	-08
Etc/GMT+8	0	-28800	-08
Etc/GMT+8	1704067200	-28800	-08
Etc/GMT+8	1719792000	-28800	-08
Etc/GMT+8	4102444800	-28800	-08
Etc/GMT+8	4118083200	-28800	-08
Etc/GMT+8	9223372036854775807	-28800	-08
Etc/GMT+9	-9223372036854775808	-32400	-09
Etc/GMT+9	-62167219200	-32400	-09
Etc/GMT+9	0	-32400	-09
Etc/GMT+9	1704067200	-32400	-09
Etc/GMT+9	1719792000	-32400	-09
Etc/GMT+9	4102444800	-32400	-09
Etc/GMT+9	4118083200	-32400	-09
Etc/GMT+9	9223372036854775807	-32400	-09
Etc/GMT-0	-9223372036854775808	0	GMT
Etc/GMT-0	-62167219200	0	GMT
Etc/GMT-0	0	0	GMT
Etc/GMT-0	1704067200	0	GMT
Etc/GMT-0	1719792000	0	GMT
Etc/GMT-0	4102444800	0	GMT
Etc/GMT-0	4118083200	0	GMT
Etc/GMT-0	9223372036854775807	0	GMT
Etc/GMT-1	-9223372036854775808	3600	+01
Etc/GMT-1	-62167219200	3600	+01
Etc/GMT-1	0	3600	+01
Etc/GMT-1	1704067200	3600	+01
Etc/GMT-1	1719792000	3600	+01
Etc/GMT-1	4102444800	3600	+01
Etc/GMT-1	4118083200	3600	+01
Etc/GMT-1	9223372036854775807	3600	+01
Etc/GMT-10	-9223372036854775808	36000	+10
Etc/GMT-10	-62167219200	36000	+10
Etc/GMT-10	0	36000	+10
Etc/GMT-10	1704067200	36000	+10
Etc/GMT-10	1719792000	36000	+10
Etc/GMT-10	4102444800	36000	+10
Etc/GMT-10	4118083200	36000	+10
Etc/GMT-10	9223372036854775807	36000	+10
Etc/GMT-11	-9223372036854775808	39600	+11
Etc/GMT-11	-62167219200	39600	+11
Etc/GMT-11	0	39600	+11
Etc/GMT-11	1704067200	39600	+11
Etc/GMT-11	1719792000	39600	+11
Etc/GMT-11	4102444800	39600	+11
Etc/GMT-11	4118083200	39600	+11
Etc/GMT-11	9223372036854775807	39600	+11
Etc/GMT-12	-9223372036854775808	43200	+12
Etc/GMT-12	-62167219200	43200	+12
Etc/GMT-12	0	43200	+12
Etc/GMT-12	1704067200	43200	+12
Etc/GMT-12	1719792000	43200	+12
Etc/GMT-12	4102444800	43200	+12
Etc/GMT-12	4118083200	43200	+12
Etc/GMT-12	9223372036854775807	43200	+12
Etc/GMT-13	-9223372036854775808	46800	+13
Etc/GMT-13	-62167219200	46800	+13
Etc/GMT-13	0	46800	+13
Etc/GMT-13	1704067200	46800	+13
Etc/GMT-13	1719792000	46800	+13
Etc/GMT-13	4102444800	46800	+13
Etc/GMT-13	4118083200	46800	+13
Etc/GMT-13	9223372036854775807	46800	+13
Etc/GMT-14	-9223372036854775808	50400	+14
Etc/GMT-14	-62167219200	50400	+14
Etc/GMT-14	0	50400	+14
Etc/GMT-14	1704067200	50400	+14
Etc/GMT-14	1719792000	50400	+14
Etc/GMT-14	4102444800	50400	+14
Etc/GMT-14	4118083200	50400	+14
Etc/GMT-14	9223372036854775807	50400	+14
Etc/GMT-2	-9223372036854775808	7200	+02
Etc/GMT-2	-62167219200	7200	+02
Etc/GMT-2	0	7200	+02
Etc/GMT-2	1704067200	7200	+02
Etc/GMT-2	1719792000	7200	+02
Etc/GMT-2	4102444800	7200	+02
Etc/GMT-2	4118083200	7200	+02
Etc/GMT-2	9223372036854775807	7200	+02
Etc/GMT-3	-9223372036854775808	10800	+03
Etc/GMT-3	-62167219200	10800	+03
Etc/GMT-3	0	10800	+03
Etc/GMT-3	1704067200	10800	+03
Etc/GMT-3	1719792000	10800	+03
Etc/GMT-3	4102444800	10800	+03
Etc/GMT-3	4118083200	10800	+03
Etc/GMT-3	9223372036854775807	10800	+03
Etc/GMT-4	-9223372036854775808	14400	+04
Etc/GMT-4	-62167219200	14400	+04
Etc/GMT-4	0	14400	+04
Etc/GMT-4	1704067200	14400	+04
Etc/GMT-4	1719792000	14400	+04
Etc/GMT-4	4102444800	14400	+04
Etc/GMT-4	4118083200	14400	+04
Etc/GMT-4	9223372036854775807	14400	+04
Etc/GMT-5	-9223372036854775808	18000	+05
Etc/GMT-5	-62167219200	18000	+05
Etc/GMT-5	0	18000	+05
Etc/GMT-5	1704067200	18000	+05
Etc/GMT-5	1719792000	18000	+05
Etc/GMT-5	4102444800	18000	+05
Etc/GMT-5	4118083200	18000	+05
Etc/GMT-5	9223372036854775807	18000	+05
Etc/GMT-6	-9223372036854775808	21600	+06
Etc/GMT-6	-62167219200	21600	+06
Etc/GMT-6	0	21600	+06
Etc/GMT-6	1704067200	21600	+06
Etc/GMT-6	1719792000	21600	+06
Etc/GMT-6	4102444800	21600	+06
Etc/GMT-6	4118083200	21600	+06
Etc/GMT-6	9223372036854775807	21600	+06
Etc/GMT-7	-9223372036854775808	25200	+07
Etc/GMT-7	-62167219200	25200	+07
Etc/GMT-7	0	25200	+07
Etc/GMT-7	1704067200	25200	+07
Etc/GMT-7	1719792000	25200	+07
Etc/GMT-7	4102444800	25200	+07
Etc/GMT-7	4118083200	25200	+07
Etc/GMT-7	9223372036854775807	25200	+07
Etc/GMT-8	-9223372036854775808	28800	+08
Etc/GMT-8	-62167219200	28800	+08
Etc/GMT-8	0	28800	+08
Etc/GMT-8	1704067200	28800	+08
Etc/GMT-8	1719792000	28800	+08
Etc/GMT-8	4102444800	28800	+08
Etc/GMT-8	4118083200	28800	+08
Etc/GMT-8	9223372036854775807	28800	+08
Etc/GMT-9	-9223372036854775808	32400	+09
Etc/GMT-9	-62167219200	32400	+09
Etc/GMT-9	0	32400	+09
Etc/GMT-9	1704067200	32400	+09
Etc/GMT-9	1719792000	32400	+09
Etc/GMT-9	4102444800	32400	+09
Etc/GMT-9	4118083200	32400	+09
Etc/GMT-9	9223372036854775807	32400	+09
Etc/GMT0	-9223372036854775808	0	GMT
Etc/GMT0	-62167219200	0	GMT
Etc/GMT0	0	0	GMT
Etc/GMT0	1704067200	0	GMT
Etc/GMT0	1719792000	0	GMT
Etc/GMT0	4102444800	0	GMT
Etc/GMT0	4118083200	0	GMT
Etc/GMT0	9223372036854775807	0	GMT
Etc/Greenwich	-9223372036854775808	0	GMT
Etc/Greenwich	-62167219200	0	GMT
Etc/Greenwich	0	0	GMT
Etc/Greenwich	1704067200	0	GMT
Etc/Greenwich	1719792000	0	GMT
Etc/Greenwich	4102444800	0	GMT
Etc/Greenwich	4118083200	0	GMT
Etc/Greenwich	9223372036854775807	0	GMT
Etc/UCT	-9223372036854775808	0	UTC
Etc/UCT	-62167219200	0	UTC
Etc/UCT	0	0	UTC
Etc/UCT	1704067200	0	UTC
Etc/UCT	1719792000	0	UTC
Etc/UCT	4102444800	0	UTC
Etc/UCT	4118083200	0	UTC
Etc/UCT	9223372036854775807	0	UTC
Etc/UTC	-9223372036854775808	0	UTC
Etc/UTC	-62167219200	0	UTC
Etc/UTC	0	0	UTC
Etc/UTC	1704067200	0	UTC
Etc/UTC	1719792000	0	UTC
Etc/UTC	4102444800	0	UTC
Etc/UTC	4118083200	0	UTC
Etc/UTC	9223372036854775807	0	UTC
Etc/Universal	-9223372036854775808	0	UTC
Etc/Universal	-62167219200	0	UTC
Etc/Universal	0	0	UTC
Etc/Universal	1704067200	0	UTC
Etc/Universal	1719792000	0	UTC
Etc/Universal	4102444800	0	UTC
Etc/Universal	4118083200	0	UTC
Etc/Universal	9223372036854775807	0	UTC
Etc/Zulu	-9223372036854775808	0	UTC
Etc/Zulu	-62167219200	0	UTC
Etc/Zulu	0	0	UTC
Etc/Zulu	1704067200	0	UTC
Etc/Zulu	1719792000	0	UTC
Etc/Zulu	4102444800	0	UTC
Etc/Zulu	4118083200	0	UTC
Etc/Zulu	9223372036854775807	0	UTC
Europe/Amsterdam	-9223372036854775808	1172	LMT
Europe/Amsterdam	-62167219200	1172	LMT
Europe/Amsterdam	0	3600	CET
Europe/Amsterdam	1704067200	3600	CET
Europe/Amsterdam	1719792000	7200	CEST
Europe/Amsterdam	4102444800	3600	CET
Europe/Amsterdam	4118083200	7200	CEST
Europe/Amsterdam	9223372036854775807	3600	CET
Europe/Andorra	-9223372036854775808	364	LMT
Europe/Andorra	-62167219200	364	LMT
Europe/Andorra	0	3600	CET
Europe/Andorra	1704067200	3600	CET
Europe/Andorra	1719792000	7200	CEST
Europe/Andorra	4102444800	3600	CET
Europe/Andorra	4118083200	7200	CEST
Europe/Andorra	9223372036854775807	3600	CET
Europe/Astrakhan	-9223372036854775808	11532	LMT
Europe/Astrakhan	-62167219200	11532	LMT
Europe/Astrakhan	0	14400	+04
Europe/Astrakhan	1704067200	14400	+04
Europe/Astrakhan	1719792000	14400	+04
Europe/Astrakhan	4102444800	14400	+04
Europe/Astrakhan	4118083200	14400	+04
Europe/Astrakhan	9223372036854775807	14400	+04
Europe/Athens	-9223372036854775808	5692	LMT
Europe/Athens	-62167219200	5692	LMT
Europe/Athens	0	7200	EET
Europe/Athens	1704067200	7200	EET
Europe/Athens	1719792000	10800	EEST
Europe/Athens	4102444800	7200	EET
Europe/Athens	4118083200	10800	EEST
Europe/Athens	9223372036854775807	7200	EET
Europe/Belfast	-9223372036854775808	-75	LMT
Europe/Belfast	-62167219200	-75	LMT
Europe/Belfast	0	3600	BST
Europe/Belfast	1704067200	0	GMT
Europe/Belfast	1719792000	3600	BST
Europe/Belfast	4102444800	0	GMT
Europe/Belfast	4118083200	3600	BST
Europe/Belfast	9223372036854775807	0	GMT
Europe/Belgrade	-9223372036854775808	4920	LMT
Europe/Belgrade	-62167219200	4920	LMT
Europe/Belgrade	0	3600	CET
Europe/Belgrade	1704067200	3600	CET
Europe/Belgrade	1719792000	7200	CEST
Europe/Belgrade	4102444800	3600	CET
Europe/Belgrade	4118083200	7200	CEST
Europe/Belgrade	9223372036854775807	3600	CET
Europe/Berlin	-9223372036854775808	3208	LMT
Europe/Berlin	-62167219200	3208	LMT
Europe/Berlin	0	3600	CET
Europe/Berlin	1704067200	3600	CET
Europe/Berlin	1719792000	7200	CEST
Europe/Berlin	4102444800	3600	CET
Europe/Berlin	4118083200	7200	CEST
Europe/Berlin	9223372036854775807	3600	CET
Europe/Bratislava	-9223372036854775808	3464	LMT
Europe/Bratislava	-62167219200	3464	LMT
Europe/Bratislava	0	3600	CET
Europe/Bratislava	1704067200	3600	CET
Europe/Bratislava	1719792000	7200	CEST
Europe/Bratislava	4102444800	3600	CET
Europe/Bratislava	4118083200	7200	CEST
Europe/Bratislava	9223372036854775807	3600	CET
Europe/Brussels	-9223372036854775808	1050	LMT
Europe/Brussels	-62167219200	1050	LMT
Europe/Brussels	0	3600	CET
Europe/Brussels	1704067200	3600	CET
Europe/Brussels	1719792000	7200	CEST
Europe/Brussels	4102444800	3600	CET
Europe/Brussels	4118083200	7200	CEST
Europe/Brussels	9223372036854775807	3600	CET
Europe/Bucharest	-9223372036854775808	6264	LMT
Europe/Bucharest	-62167219200	6264	LMT
Europe/Bucharest	0	7200	EET
Europe/Bucharest	1704067200	7200	EET
Europe/Bucharest	1719792000	10800	EEST
Europe/Bucharest	4102444800	7200	EET
Europe/Bucharest	4118083200	10800	EEST
Europe/Bucharest	9223372036854775807	7200	EET
Europe/Budapest	-9223372036854775808	4580	LMT
Europe/Budapest	-62167219200	4580	LMT
Europe/Budapest	0	3600	CET
Europe/Budapest	1704067200	3600	CET
Europe/Budapest	1719792000	7200	CEST
Europe/Budapest	4102444800	3600	CET
Europe/Budapest	4118083200	7200	CEST
Europe/Budapest	9223372036854775807	3600	CET
Europe/Busingen	-9223372036854775808	2048	LMT
Europe/Busingen	-62167219200	2048	LMT
Europe/Busingen	0	3600	CET
Europe/Busingen	1704067200	3600	CET
Europe/Busingen	1719792000	7200	CEST
Europe/Busingen	4102444800	3600	CET
Europe/Busingen	4118083200	7200	CEST
Europe/Busingen	9223372036854775807	3600	CET
Europe/Chisinau	-9223372036854775808	6920	LMT
Europe/Chisinau	-62167219200	6920	LMT
Europe/Chisinau	0	10800	MSK
Europe/Chisinau	1704067200	7200	EET
Europe/Chisinau	1719792000	10800	EEST
Europe/Chisinau	4102444800	7200	EET
Europe/Chisinau	4118083200	10800	EEST
Europe/Chisinau	9223372036854775807	7200	EET
Europe/Copenhagen	-9223372036854775808	3020	LMT
Europe/Copenhagen	-62167219200	3020	LMT
Europe/Copenhagen	0	3600	CET
Europe/Copenhagen	1704067200	3600	CET
Europe/Copenhagen	1719792000	7200	CEST
Europe/Copenhagen	4102444800	3600	CET
Europe/Copenhagen	4118083200	7200	CEST
Europe/Copenhagen	9223372036854775807	3600	CET
Europe/Dublin	-9223372036854775808	-1521	LMT
Europe/Dublin	-62167219200	-1521	LMT
Europe/Dublin	0	3600	IST
Europe/Dublin	1704067200	0	GMT
Europe/Dublin	1719792000	3600	IST
Europe/Dublin	4102444800	0	GMT
Europe/Dublin	4118083200	3600	IST
Europe/Dublin	9223372036854775807	0	GMT
Europe/Gibraltar	-9223372036854775808	-1284	LMT
Europe/Gibraltar	-62167219200	-1284	LMT
Europe/Gibraltar	0	3600	CET
Europe/Gibraltar	1704067200	3600	CET
Europe/Gibraltar	1719792000	7200	CEST
Europe/Gibraltar	4102444800	3600	CET
Europe/Gibraltar	4118083200	7200	CEST
Europe/Gibraltar	9223372036854775807	3600	CET
Europe/Guernsey	-9223372036854775808	-609	LMT
Europe/Guernsey	-62167219200	-609	LMT
Europe/Guernsey	0	3600	BST
Europe/Guernsey	1704067200	0	GMT
Europe/Guernsey	1719792000	3600	BST
Europe/Guernsey	4102444800	0	GMT
Europe/Guernsey	4118083200	3600	BST
Europe/Guernsey	9223372036854775807	0	GMT
Europe/Helsinki	-9223372036854775808	5989	LMT
Europe/Helsinki	-62167219200	5989	LMT
Europe/Helsinki	0	7200	EET
Europe/Helsinki	1704067200	7200	EET
Europe/Helsinki	1719792000	10800	EEST
Europe/Helsinki	4102444800	7200	EET
Europe/Helsinki	4118083200	10800	EEST
Europe/Helsinki	9223372036854775807	7200	EET
Europe/Isle_of_Man	-9223372036854775808	-1075	LMT
Europe/Isle_of_Man	-62167219200	-1075	LMT
Europe/Isle_of_Man	0	3600	BST
Europe/Isle_of_Man	1704067200	0	GMT
Europe/Isle_of_Man	1719792000	3600	BST
Europe/Isle_of_Man	4102444800	0	GMT
Europe/Isle_of_Man	4118083200	3600	BST
Europe/Isle_of_Man	9223372036854775807	0	GMT
Europe/Istanbul	-9223372036854775808	6952	LMT
Europe/Istanbul	-62167219200	6952	LMT
Europe/Istanbul	0	7200	EET
Europe/Istanbul	1704067200	10800	+03
Europe/Istanbul	1719792000	10800	+03
Europe/Istanbul	4102444800	10800	+03
Europe/Istanbul	4118083200	10800	+03
Europe/Istanbul	9223372036854775807	10800	+03
Europe/Jersey	-9223372036854775808	-506	LMT
Europe/Jersey	-62167219200	-506	LMT
Europe/Jersey	0	3600	BST
Europe/Jersey	1704067200	0	GMT
Europe/Jersey	1719792000	3600	BST
Europe/Jersey	4102444800	0	GMT
Europe/Jersey	4118083200	3600	BST
Europe/Jersey	9223372036854775807	0	GMT
Europe/Kaliningrad	-9223372036854775808	4920	LMT
Europe/Kaliningrad	-62167219200	4920	LMT
Europe/Kaliningrad	0	10800	MSK
Europe/Kaliningrad	1704067200	7200	EET
Europe/Kaliningrad	1719792000	7200	EET
Europe/Kaliningrad	4102444800	7200	EET
Europe/Kaliningrad	4118083200	7200	EET
Europe/Kaliningrad	9223372036854775807	7200	EET
Europe/Kiev	-9223372036854775808	7324	LMT
Europe/Kiev	-62167219200	7324	LMT
Europe/Kiev	0	10800	MSK
Europe/Kiev	1704067200	7200	EET
Europe/Kiev	1719792000	10800	EEST
Europe/Kiev	4102444800	7200	EET
Europe/Kiev	4118083200	10800	EEST
Europe/Kiev	9223372036854775807	7200	EET
Europe/Kirov	-9223372036854775808	11928	LMT
Europe/Kirov	-62167219200	11928	LMT
Europe/Kirov	0	14400	+04
Europe/Kirov	1704067200	10800	MSK
Europe/Kirov	1719792000	10800	MSK
Europe/Kirov	4102444800	10800	MSK
Europe/Kirov	4118083200	10800	MSK
Europe/Kirov	9223372036854775807	10800	MSK
Europe/Kyiv	-9223372036854775808	7324	LMT
Europe/Kyiv	-62167219200	7324	LMT
Europe/Kyiv	0	10800	MSK
Europe/Kyiv	1704067200	7200	EET
Europe/Kyiv	1719792000	10800	EEST
Europe/Kyiv	4102444800	7200	EET
Europe/Kyiv	4118083200	10800	EEST
Europe/Kyiv	9223372036854775807	7200	EET
Europe/Lisbon	-9223372036854775808	-2205	LMT
Europe/Lisbon	-62167219200	-2205	LMT
Europe/Lisbon	0	3600	CET
Europe/Lisbon	1704067200	0	WET
Europe/Lisbon	1719792000	3600	WEST
Europe/Lisbon	4102444800	0	WET
Europe/Lisbon	4118083200	3600	WEST
Europe/Lisbon	9223372036854775807	0	WET
Europe/Ljubljana	-9223372036854775808	3484	LMT
Europe/Ljubljana	-62167219200	3484	LMT
Europe/Ljubljana	0	3600	CET
Europe/Ljubljana	1704067200	3600	CET
Europe/Ljubljana	1719792000	7200	CEST
Europe/Ljubljana	4102444800	3600	CET
Europe/Ljubljana	4118083200	7200	CEST
Europe/Ljubljana	9223372036854775807	3600	CET
Europe/London	-9223372036854775808	-75	LMT
Europe/London	-62167219200	-75	LMT
Europe/London	0	3600	BST
Europe/London	1704067200	0	GMT
Europe/London	1719792000	3600	BST
Europe/London	4102444800	0	GMT
Europe/London	4118083200	3600	BST
Europe/London	9223372036854775807	0	GMT
Europe/Luxembourg	-9223372036854775808	1476	LMT
Europe/Luxembourg	-62167219200	1476	LMT
Europe/Luxembourg	0	3600	CET
Europe/Luxembourg	1704067200	3600	CET
Europe/Luxembourg	1719792000	7200	CEST
Europe/Luxembourg	4102444800	3600	CET
Europe/Luxembourg	4118083200	7200	CEST
Europe/Luxembourg	9223372036854775807	3600	CET
Europe/Madrid	-9223372036854775808	-884	LMT
Europe/Madrid	-62167219200	-884	LMT
Europe/Madrid	0	3600	CET
Europe/Madrid	1704067200	3600	CET
Europe/Madrid	1719792000	7200	CEST
Europe/Madrid	4102444800	3600	CET
Europe/Madrid	4118083200	7200	CEST
Europe/Madrid	9223372036854775807	3600	CET
Europe/Malta	-9223372036854775808	3484	LMT
Europe/Malta	-62167219200	3484	LMT
Europe/Malta	0	3600	CET
Europe/Malta	1704067200	3600	CET
Europe/Malta	1719792000	7200	CEST
Europe/Malta	4102444800	3600	CET
Europe/Malta	4118083200	7200	CEST
Europe/Malta	9223372036854775807	3600	CET
Europe/Mariehamn	-9223372036854775808	5989	LMT
Europe/Mariehamn	-62167219200	5989	LMT
Europe/Mariehamn	0	7200	EET
Europe/Mariehamn	1704067200	7200	EET
Europe/Mariehamn	1719792000	10800	EEST
Europe/Mariehamn	4102444800	7200	EET
Europe/Mariehamn	4118083200	10800	EEST
Europe/Mariehamn	9223372036854775807	7200	EET
Europe/Minsk	-9223372036854775808	6616	LMT
Europe/Minsk	-62167219200	6616	LMT
Europe/Minsk	0	10800	MSK
Europe/Minsk	1704067200	10800	+03
Europe/Minsk	1719792000	10800	+03
Europe/Minsk	4102444800	10800	+03
Europe/Minsk	4118083200	10800	+03
Europe/Minsk	9223372036854775807	10800	+03
Europe/Monaco	-9223372036854775808	1772	LMT
Europe/Monaco	-62167219200	1772	LMT
Europe/Monaco	0	3600	CET
Europe/Monaco	1704067200	3600	CET
Europe/Monaco	1719792000	7200	CEST
Europe/Monaco	4102444800	3600	CET
Europe/Monaco	4118083200	7200	CEST
Europe/Monaco	9223372036854775807	3600	CET
Europe/Moscow	-9223372036854775808	9017	LMT
Europe/Moscow	-62167219200	9017	LMT
Europe/Moscow	0	10800	MSK
Europe/Moscow	1704067200	10800	MSK
Europe/Moscow	1719792000	10800	MSK
Europe/Moscow	4102444800	10800	MSK
Europe/Moscow	4118083200	10800	MSK
Europe/Moscow	9223372036854775807	10800	MSK
Europe/Nicosia	-9223372036854775808	8008	LMT
Europe/Nicosia	-62167219200	8008	LMT
Europe/Nicosia	0	7200	EET
Europe/Nicosia	1704067200	7200	EET
Europe/Nicosia	1719792000	10800	EEST
Europe/Nicosia	4102444800	7200	EET
Europe/Nicosia	4118083200	10800	EEST
Europe/Nicosia	9223372036854775807	7200	EET
Europe/Oslo	-9223372036854775808	2580	LMT
Europe/Oslo	-62167219200	2580	LMT
Europe/Oslo	0	3600	CET
Europe/Oslo	1704067200	3600	CET
Europe/Oslo	1719792000	7200	CEST
Europe/Oslo	4102444800	3600	CET
Europe/Oslo	4118083200	7200	CEST
Europe/Oslo	9223372036854775807	3600	CET
Europe/Paris	-9223372036854775808	561	LMT
Europe/Paris	-62167219200	561	LMT
Europe/Paris	0	3600	CET
Europe/Paris	1704067200	3600	CET
Europe/Paris	1719792000	7200	CEST
Europe/Paris	4102444800	3600	CET
Europe/Paris	4118083200	7200	CEST
Europe/Paris	9223372036854775807	3600	CET
Europe/Podgorica	-9223372036854775808	4920	LMT
Europe/Podgorica	-62167219200	4920	LMT
Europe/Podgorica	0	3600	CET
Europe/Podgorica	1704067200	3600	CET
Europe/Podgorica	1719792000	7200	CEST
Europe/Podgorica	4102444800	3600	CET
Europe/Podgorica	4118083200	7200	CEST
Europe/Podgorica	9223372036854775807	3600	CET
Europe/Prague	-9223372036854775808	3464	LMT
Europe/Prague	-62167219200	3464	LMT
Europe/Prague	0	3600	CET
Europe/Prague	1704067200	3600	CET
Europe/Prague	1719792000	7200	CEST
Europe/Prague	4102444800	3600	CET
Europe/Prague	4118083200	7200	CEST
Europe/Prague	9223372036854775807	3600	CET
Europe/Riga	-9223372036854775808	5794	LMT
Europe/Riga	-62167219200	5794	LMT
Europe/Riga	0	10800	MSK
Europe/Riga	1704067200	7200	EET
Europe/Riga	1719792000	10800	EEST
Europe/Riga	4102444800	7200	EET
Europe/Riga	4118083200	10800	EEST
Europe/Riga	9223372036854775807	7200	EET
Europe/Rome	-9223372036854775808	2996	LMT
Europe/Rome	-62167219200	2996	LMT
Europe/Rome	0	3600	CET
Europe/Rome	1704067200	3600	CET
Europe/Rome	1719792000	7200	CEST
Europe/Rome	4102444800	3600	CET
Europe/Rome	4118083200	7200	CEST
Europe/Rome	9223372036854775807	3600	CET
Europe/Samara	-9223372036854775808	12020	LMT
Europe/Samara	-62167219200	12020	LMT
Europe/Samara	0	14400	+04
Europe/Samara	1704067200	14400	+04
Europe/Samara	1719792000	14400	+04
Europe/Samara	4102444800	14400	+04
Europe/Samara	4118083200	14400	+04
Europe/Samara	9223372036854775807	14400	+04
Europe/San_Marino	-9223372036854775808	2996	LMT
Europe/San_Marino	-62167219200	2996	LMT
Europe/San_Marino	0	3600	CET
Europe/San_Marino	1704067200	3600	CET
Europe/San_Marino	1719792000	7200	CEST
Europe/San_Marino	4102444800	3600	CET
Europe/San_Marino	4118083200	7200	CEST
Europe/San_Marino	9223372036854775807	3600	CET
Europe/Sarajevo	-9223372036854775808	4420	LMT
Europe/Sarajevo	-62167219200	4420	LMT
Europe/Sarajevo	0	3600	CET
Europe/Sarajevo	1704067200	3600	CET
Europe/Sarajevo	1719792000	7200	CEST
Europe/Sarajevo	4102444800	3600	CET
Europe/Sarajevo	4118083200	7200	CEST
Europe/Sarajevo	9223372036854775807	3600	CET
Europe/Saratov	-9223372036854775808	11058	LMT
Europe/Saratov	-62167219200	11058	LMT
Europe/Saratov	0	14400	+04
Europe/Saratov	1704067200	14400	+04
Europe/Saratov	1719792000	14400	+04
Europe/Saratov	4102444800	14400	+04
Europe/Saratov	4118083200	14400	+04
Europe/Saratov	9223372036854775807	14400	+04
Europe/Simferopol	-9223372036854775808	8184	LMT
Europe/Simferopol	-62167219200	8184	LMT
Europe/Simferopol	0	10800	MSK
Europe/Simferopol	1704067200	10800	MSK
Europe/Simferopol	1719792000	10800	MSK
Europe/Simferopol	4102444800	10800	MSK
Europe/Simferopol	4118083200	10800	MSK
Europe/Simferopol	9223372036854775807	10800	MSK
Europe/Skopje	-9223372036854775808	5144	LMT
Europe/Skopje	-62167219200	5144	LMT
Europe/Skopje	0	3600	CET
Europe/Skopje	1704067200	3600	CET
Europe/Skopje	1719792000	7200	CEST
Europe/Skopje	4102444800	3600	CET
Europe/Skopje	4118083200	7200	CEST
Europe/Skopje	9223372036854775807	3600	CET
Europe/Sofia	-9223372036854775808	5596	LMT
Europe/Sofia	-62167219200	5596	LMT
Europe/Sofia	0	7200	EET
Europe/Sofia	1704067200	7200	EET
Europe/Sofia	1719792000	10800	EEST
Europe/Sofia	4102444800	7200	EET
Europe/Sofia	4118083200	10800	EEST
Europe/Sofia	9223372036854775807	7200	EET
Europe/Stockholm	-9223372036854775808	4332	LMT
Europe/Stockholm	-62167219200	4332	LMT
Europe/Stockholm	0	3600	CET
Europe/Stockholm	1704067200	3600	CET
Europe/Stockholm	1719792000	7200	CEST
Europe/Stockholm	4102444800	3600	CET
Europe/Stockholm	4118083200	7200	CEST
Europe/Stockholm	9223372036854775807	3600	CET
Europe/Tallinn	-9223372036854775808	5940	LMT
Europe/Tallinn	-62167219200	5940	LMT
Europe/Tallinn	0	10800	MSK
Europe/Tallinn	1704067200	7200	EET
Europe/Tallinn	1719792000	10800	EEST
Europe/Tallinn	4102444800	7200	EET
Europe/Tallinn	4118083200	10800	EEST
Europe/Tallinn	9223372036854775807	7200	EET
Europe/Tirane	-9223372036854775808	4760	LMT
Europe/Tirane	-62167219200	4760	LMT
Europe/Tirane	0	3600	CET
Europe/Tirane	1704067200	3600	CET
Europe/Tirane	1719792000	7200	CEST
Europe/Tirane	4102444800	3600	CET
Europe/Tirane	4118083200	7200	CEST
Europe/Tirane	9223372036854775807	3600	CET
Europe/Tiraspol	-9223372036854775808	6920	LMT
Europe/Tiraspol	-62167219200	6920	LMT
Europe/Tiraspol	0	10800	MSK
Europe/Tiraspol	1704067200	7200	EET
Europe/Tiraspol	1719792000	10800	EEST
Europe/Tiraspol	4102444800	7200	EET
Europe/Tiraspol	4118083200	10800	EEST
Europe/Tiraspol	9223372036854775807	7200	EET
Europe/Ulyanovsk	-9223372036854775808	11616	LMT
Europe/Ulyanovsk	-62167219200	11616	LMT
Europe/Ulyanovsk	0	14400	+04
Europe/Ulyanovsk	1704067200	14400	+04
Europe/Ulyanovsk	1719792000	14400	+04
Europe/Ulyanovsk	4102444800	14400	+04
Europe/Ulyanovsk	4118083200	14400	+04
Europe/Ulyanovsk	9223372036854775807	14400	+04
Europe/Uzhgorod	-9223372036854775808	7324	LMT
Europe/Uzhgorod	-62167219200	7324	LMT
Europe/Uzhgorod	0	10800	MSK
Europe/Uzhgorod	1704067200	7200	EET
Europe/Uzhgorod	1719792000	10800	EEST
Europe/Uzhgorod	4102444800	7200	EET
Europe/Uzhgorod	4118083200	10800	EEST
Europe/Uzhgorod	9223372036854775807	7200	EET
Europe/Vaduz	-9223372036854775808	2284	LMT
Europe/Vaduz	-62167219200	2284	LMT
Europe/Vaduz	0	3600	CET
Europe/Vaduz	1704067200	3600	CET
Europe/Vaduz	1719792000	7200	CEST
Europe/Vaduz	4102444800	3600	CET
Europe/Vaduz	4118083200	7200	CEST
Europe/Vaduz	9223372036854775807	3600	CET
Europe/Vatican	-9223372036854775808	2996	LMT
Europe/Vatican	-62167219200	2996	LMT
Europe/Vatican	0	3600	CET
Europe/Vatican	1704067200	3600	CET
Europe/Vatican	1719792000	7200	CEST
Europe/Vatican	4102444800	3600	CET
Europe/Vatican	4118083200	7200	CEST
Europe/Vatican	9223372036854775807	3600	CET
Europe/Vienna	-9223372036854775808	3921	LMT
Europe/Vienna	-62167219200	3921	LMT
Europe/Vienna	0	3600	CET
Europe/Vienna	1704067200	3600	CET
Europe/Vienna	1719792000	7200	CEST
Europe/Vienna	4102444800	3600	CET
Europe/Vienna	4118083200	7200	CEST
Europe/Vienna	9223372036854775807	3600	CET
Europe/Vilnius	-9223372036854775808	6076	LMT
Europe/Vilnius	-62167219200	6076	LMT
Europe/Vilnius	0	10800	MSK
Europe/Vilnius	1704067200	7200	EET
Europe/Vilnius	1719792000	10800	EEST
Europe/Vilnius	4102444800	7200	EET
Europe/Vilnius	4118083200	10800	EEST
Europe/Vilnius	9223372036854775807	7200	EET
Europe/Volgograd	-9223372036854775808	10660	LMT
Europe/Volgograd	-62167219200	10660	LMT
Europe/Volgograd	0	14400	+04
Europe/Volgograd	1704067200	10800	MSK
Europe/Volgograd	1719792000	10800	MSK
Europe/Volgograd	4102444800	10800	MSK
Europe/Volgograd	4118083200	10800	MSK
Europe/Volgograd	9223372036854775807	10800	MSK
Europe/Warsaw	-9223372036854775808	5040	LMT
Europe/Warsaw	-62167219200	5040	LMT
Europe/Warsaw	0	3600	CET
Europe/Warsaw	1704067200	3600	CET
Europe/Warsaw	1719792000	7200	CEST
Europe/Warsaw	4102444800	3600	CET
Europe/Warsaw	4118083200	7200	CEST
Europe/Warsaw	9223372036854775807	3600	CET
Europe/Zagreb	-9223372036854775808	3832	LMT
Europe/Zagreb	-62167219200	3832	LMT
Europe/Zagreb	0	3600	CET
Europe/Zagreb	1704067200	3600	CET
Europe/Zagreb	1719792000	7200	CEST
Europe/Zagreb	4102444800	3600	CET
Europe/Zagreb	4118083200	7200	CEST
Europe/Zagreb	9223372036854775807	3600	CET
Europe/Zaporozhye	-9223372036854775808	7324	LMT
Europe/Zaporozhye	-62167219200	7324	LMT
Europe/Zaporozhye	0	10800	MSK
Europe/Zaporozhye	1704067200	7200	EET
Europe/Zaporozhye	1719792000	10800	EEST
Europe/Zaporozhye	4102444800	7200	EET
Europe/Zaporozhye	4118083200	10800	EEST
Europe/Zaporozhye	9223372036854775807	7200	EET
Europe/Zurich	-9223372036854775808	2048	LMT
Europe/Zurich	-62167219200	2048	LMT
Europe/Zurich	0	3600	CET
Europe/Zurich	1704067200	3600	CET
Europe/Zurich	1719792000	7200	CEST
Europe/Zurich	4102444800	3600	CET
Europe/Zurich	4118083200	7200	CEST
Europe/Zurich	9223372036854775807	3600	CET
Factory	-9223372036854775808	0	-00
Factory	-62167219200	0	-00
Factory	0	0	-00
Factory	1704067200	0	-00
Factory	1719792000	0	-00
Factory	4102444800	0	-00
Factory	4118083200	0	-00
Factory	9223372036854775807	0	-00
GB	-9223372036854775808	-75	LMT
GB	-62167219200	-75	LMT
GB	0	3600	BST
GB	1704067200	0	GMT
GB	1719792000	3600	BST
GB	4102444800	0	GMT
GB	4118083200	3600	BST
GB	9223372036854775807	0	GMT
GB-Eire	-9223372036854775808	-75	LMT
GB-Eire	-62167219200	-75	LMT
GB-Eire	0	3600	BST
GB-Eire	1704067200	0	GMT
GB-Eire	1719792000	3600	BST
GB-Eire	4102444800	0	GMT
GB-Eire	4118083200	3600	BST
GB-Eire	9223372036854775807	0	GMT
GMT	-9223372036854775808	0	GMT
GMT	-62167219200	0	GMT
GMT	0	0	GMT
GMT	1704067200	0	GMT
GMT	1719792000	0	GMT
GMT	4102444800	0	GMT
GMT	4118083200	0	GMT
GMT	9223372036854775807	0	GMT
GMT+0	-9223372036854775808	0	GMT
GMT+0	-62167219200	0	GMT
GMT+0	0	0	GMT
GMT+0	1704067200	0	GMT
GMT+0	1719792000	0	GMT
GMT+0	4102444800	0	GMT
GMT+0	4118083200	0	GMT
GMT+0	9223372036854775807	0	GMT
GMT-0	-9223372036854775808	0	GMT
GMT-0	-62167219200	0	GMT
GMT-0	0	0	GMT
GMT-0	1704067200	0	GMT
GMT-0	1719792000	0	GMT
GMT-0	4102444800	0	GMT
GMT-0	4118083200	0	GMT
GMT-0	9223372036854775807	0	GMT
GMT0	-9223372036854775808	0	GMT
GMT0	-62167219200	0	GMT
GMT0	0	0	GMT
GMT0	1704067200	0	GMT
GMT0	1719792000	0	GMT
GMT0	4102444800	0	GMT
GMT0	4118083200	0	GMT
GMT0	9223372036854775807	0	GMT
Greenwich	-9223372036854775808	0	GMT
Greenwich	-62167219200	0	GMT
Greenwich	0	0	GMT
Greenwich	1704067200	0	GMT
Greenwich	1719792000	0	GMT
Greenwich	4102444800	0	GMT
Greenwich	4118083200	0	GMT
Greenwich	9223372036854775807	0	GMT
HST	-9223372036854775808	-37886	LMT
HST	-62167219200	-37886	LMT
HST	0	-36000	HST
HST	1704067200	-36000	HST
HST	1719792000	-36000	HST
HST	4102444800	-36000	HST
HST	4118083200	-36000	HST
HST	9223372036854775807	-36000	HST
Hongkong	-9223372036854775808	27402	LMT
Hongkong	-62167219200	27402	LMT
Hongkong	0	28800	HKT
Hongkong	1704067200	28800	HKT
Hongkong	1719792000	28800	HKT
Hongkong	4102444800	28800	HKT
Hongkong	4118083200	28800	HKT
Hongkong	9223372036854775807	28800	HKT
Iceland	-9223372036854775808	-968	LMT
Iceland	-62167219200	-968	LMT
Iceland	0	0	GMT
Iceland	1704067200	0	GMT
Iceland	1719792000	0	GMT
Iceland	4102444800	0	GMT
Iceland	4118083200	0	GMT
Iceland	9223372036854775807	0	GMT
Indian/Antananarivo	-9223372036854775808	11404	LMT
Indian/Antananarivo	-62167219200	11404	LMT
Indian/Antananarivo	0	10800	EAT
Indian/Antananarivo	1704067200	10800	EAT
Indian/Antananarivo	1719792000	10800	EAT
Indian/Antananarivo	4102444800	10800	EAT
Indian/Antananarivo	4118083200	10800	EAT
Indian/Antananarivo	9223372036854775807	10800	EAT
Indian/Chagos	-9223372036854775808	17380	LMT
Indian/Chagos	-62167219200	17380	LMT
Indian/Chagos	0	18000	+05
Indian/Chagos	1704067200	21600	+06
Indian/Chagos	1719792000	21600	+06
Indian/Chagos	4102444800	21600	+06
Indian/Chagos	4118083200	21600	+06
Indian/Chagos	9223372036854775807	21600	+06
Indian/Christmas	-9223372036854775808	25372	LMT
Indian/Christmas	-62167219200	25372	LMT
Indian/Christmas	0	25200	+07
Indian/Christmas	1704067200	25200	+07
Indian/Christmas	1719792000	25200	+07
Indian/Christmas	4102444800	25200	+07
Indian/Christmas	4118083200	25200	+07
Indian/Christmas	9223372036854775807	25200	+07
Indian/Cocos	-9223372036854775808	23260	LMT
Indian/Cocos	-62167219200	23260	LMT
Indian/Cocos	0	23400	+0630
Indian/Cocos	1704067200	23400	+0630
Indian/Cocos	1719792000	23400	+0630
Indian/Cocos	4102444800	23400	+0630
Indian/Cocos	4118083200	23400	+0630
Indian/Cocos	9223372036854775807	23400	+0630
Indian/Comoro	-9223372036854775808	10384	LMT
Indian/Comoro	-62167219200	10384	LMT
Indian/Comoro	0	10800	EAT
Indian/Comoro	1704067200	10800	EAT
Indian/Comoro	1719792000	10800	EAT
Indian/Comoro	4102444800	10800	EAT
Indian/Comoro	4118083200	10800	EAT
Indian/Comoro	9223372036854775807	10800	EAT
Indian/Kerguelen	-9223372036854775808	0	-00
Indian/Kerguelen	-62167219200	0	-00
Indian/Kerguelen	0	18000	+05
Indian/Kerguelen	1704067200	18000	+05
Indian/Kerguelen	1719792000	18000	+05
Indian/Kerguelen	4102444800	18000	+05
Indian/Kerguelen	4118083200	18000	+05
Indian/Kerguelen	9223372036854775807	18000	+05
Indian/Mahe	-9223372036854775808	13308	LMT
Indian/Mahe	-62167219200	13308	LMT
Indian/Mahe	0	14400	+04
Indian/Mahe	1704067200	14400	+04
Indian/Mahe	1719792000	14400	+04
Indian/Mahe	4102444800	14400	+04
Indian/Mahe	4118083200	14400	+04
Indian/Mahe	9223372036854775807	14400	+04
Indian/Maldives	-9223372036854775808	17640	LMT
Indian/Maldives	-62167219200	17640	LMT
Indian/Maldives	0	18000	+05
Indian/Maldives	1704067200	18000	+05
Indian/Maldives	1719792000	18000	+05
Indian/Maldives	4102444800	18000	+05
Indian/Maldives	4118083200	18000	+05
Indian/Maldives	9223372036854775807	18000	+05
Indian/Mauritius	-9223372036854775808	13800	LMT
Indian/Mauritius	-62167219200	13800	LMT
Indian/Mauritius	0	14400	+04
Indian/Mauritius	1704067200	14400	+04
Indian/Mauritius	1719792000	14400	+04
Indian/Mauritius	4102444800	14400	+04
Indian/Mauritius	4118083200	14400	+04
Indian/Mauritius	9223372036854775807	14400	+04
Indian/Mayotte	-9223372036854775808	10856	LMT
Indian/Mayotte	-62167219200	10856	LMT
Indian/Mayotte	0	10800	EAT
Indian/Mayotte	1704067200	10800	EAT
Indian/Mayotte	1719792000	10800	EAT
Indian/Mayotte	4102444800	10800	EAT
Indian/Mayotte	4118083200	10800	EAT
Indian/Mayotte	9223372036854775807	10800	EAT
Indian/Reunion	-9223372036854775808	13312	LMT
Indian/Reunion	-62167219200	13312	LMT
Indian/Reunion	0	14400	+04
Indian/Reunion	1704067200	14400	+04
Indian/Reunion	1719792000	14400	+04
Indian/Reunion	4102444800	14400	+04
Indian/Reunion	4118083200	14400	+04
Indian/Reunion	9223372036854775807	14400	+04
Iran	-9223372036854775808	12344	LMT
Iran	-62167219200	12344	LMT
Iran	0	12600	+0330
Iran	1704067200	12600	+0330
Iran	1719792000	12600	+0330
Iran	4102444800	12600	+0330
Iran	4118083200	12600	+0330
Iran	9223372036854775807	12600	+0330
Israel	-9223372036854775808	8454	LMT
Israel	-62167219200	8454	LMT
Israel	0	7200	IST
Israel	1704067200	7200	IST
Israel	1719792000	10800	IDT
Israel	4102444800	7200	IST
Israel	4118083200	10800	IDT
Israel	9223372036854775807	7200	IST
Jamaica	-9223372036854775808	-18430	LMT
Jamaica	-62167219200	-18430	LMT
Jamaica	0	-18000	EST
Jamaica	1704067200	-18000	EST
Jamaica	1719792000	-18000	EST
Jamaica	4102444800	-18000	EST
Jamaica	4118083200	-18000	EST
Jamaica	9223372036854775807	-18000	EST
Japan	-9223372036854775808	33539	LMT
Japan	-62167219200	33539	LMT
Japan	0	32400	JST
Japan	1704067200	32400	JST
Japan	1719792000	32400	JST
Japan	4102444800	32400	JST
Japan	4118083200	32400	JST
Japan	9223372036854775807	32400	JST
Kwajalein	-9223372036854775808	40160	LMT
Kwajalein	-62167219200	40160	LMT
Kwajalein	0	-43200	-12
Kwajalein	1704067200	43200	+12
Kwajalein	1719792000	43200	+12
Kwajalein	4102444800	43200	+12
Kwajalein	4118083200	43200	+12
Kwajalein	9223372036854775807	43200	+12
Libya	-9223372036854775808	3164	LMT
Libya	-62167219200	3164	LMT
Libya	0	7200	EET
Libya	1704067200	7200	EET
Libya	1719792000	7200	EET
Libya	4102444800	7200	EET
Libya	4118083200	7200	EET
Libya	9223372036854775807	7200	EET
MET	-9223372036854775808	1050	LMT
MET	-62167219200	1050	LMT
MET	0	3600	CET
MET	1704067200	3600	CET
MET	1719792000	7200	CEST
MET	4102444800	3600	CET
MET	4118083200	7200	CEST
MET	9223372036854775807	3600	CET
MST	-9223372036854775808	-26898	LMT
MST	-62167219200	-26898	LMT
MST	0	-25200	MST
MST	1704067200	-25200	MST
MST	1719792000	-25200	MST
MST	4102444800	-25200	MST
MST	4118083200	-25200	MST
MST	9223372036854775807	-25200	MST
MST7MDT	-9223372036854775808	-25196	LMT
MST7MDT	-62167219200	-25196	LMT
MST7MDT	0	-25200	MST
MST7MDT	1704067200	-25200	MST
MST7MDT	1719792000	-21600	MDT
MST7MDT	4102444800	-25200	MST
MST7MDT	4118083200	-21600	MDT
MST7MDT	9223372036854775807	-25200	MST
Mexico/BajaNorte	-9223372036854775808	-28084	LMT
Mexico/BajaNorte	-62167219200	-28084	LMT
Mexico/BajaNorte	0	-28800	PST
Mexico/BajaNorte	1704067200	-28800	PST
Mexico/BajaNorte	1719792000	-25200	PDT
Mexico/BajaNorte	4102444800	-28800	PST
Mexico/BajaNorte	4118083200	-25200	PDT
Mexico/BajaNorte	9223372036854775807	-28800	PST
Mexico/BajaSur	-9223372036854775808	-25540	LMT
Mexico/BajaSur	-62167219200	-25540	LMT
Mexico/BajaSur	0	-25200	MST
Mexico/BajaSur	1704067200	-25200	MST
Mexico/BajaSur	1719792000	-25200	MST
Mexico/BajaSur	4102444800	-25200	MST
Mexico/BajaSur	4118083200	-25200	MST
Mexico/BajaSur	9223372036854775807	-25200	MST
Mexico/General	-9223372036854775808	-23796	LMT
Mexico/General	-62167219200	-23796	LMT
Mexico/General	0	-21600	CST
Mexico/General	1704067200	-21600	CST
Mexico/General	1719792000	-21600	CST
Mexico/General	4102444800	-21600	CST
Mexico/General	4118083200	-21600	CST
Mexico/General	9223372036854775807	-21600	CST
NZ	-9223372036854775808	41944	LMT
NZ	-62167219200	41944	LMT
NZ	0	43200	NZST
NZ	1704067200	46800	NZDT
NZ	1719792000	43200	NZST
NZ	4102444800	46800	NZDT
NZ	4118083200	43200	NZST
NZ	9223372036854775807	46800	NZDT
NZ-CHAT	-9223372036854775808	44028	LMT
NZ-CHAT	-62167219200	44028	LMT
NZ-CHAT	0	45900	+1245
NZ-CHAT	1704067200	49500	+1345
NZ-CHAT	1719792000	45900	+1245
NZ-CHAT	4102444800	49500	+1345
NZ-CHAT	4118083200	45900	+1245
NZ-CHAT	9223372036854775807	49500	+1345
Navajo	-9223372036854775808	-25196	LMT
Navajo	-62167219200	-25196	LMT
Navajo	0	-25200	MST
Navajo	1704067200	-25200	MST
Navajo	1719792000	-21600	MDT
Navajo	4102444800	-25200	MST
Navajo	4118083200	-21600	MDT
Navajo	9223372036854775807	-25200	MST
PRC	-9223372036854775808	29143	LMT
PRC	-62167219200	29143	LMT
PRC	0	28800	CST
PRC	1704067200	28800	CST
PRC	1719792000	28800	CST
PRC	4102444800	28800	CST
PRC	4118083200	28800	CST
PRC	9223372036854775807	28800	CST
PST8PDT	-9223372036854775808	-28378	LMT
PST8PDT	-62167219200	-28378	LMT
PST8PDT	0	-28800	PST
PST8PDT	1704067200	-28800	PST
PST8PDT	1719792000	-25200	PDT
PST8PDT	4102444800	-28800	PST
PST8PDT	4118083200	-25200	PDT
PST8PDT	9223372036854775807	-28800	PST
Pacific/Apia	-9223372036854775808	45184	LMT
Pacific/Apia	-62167219200	45184	LMT
Pacific/Apia	0	-39600	-11
Pacific/Apia	1704067200	46800	+13
Pacific/Apia	1719792000	46800	+13
Pacific/Apia	4102444800	46800	+13
Pacific/Apia	4118083200	46800	+13
Pacific/Apia	9223372036854775807	46800	+13
Pacific/Auckland	-9223372036854775808	41944	LMT
Pacific/Auckland	-62167219200	41944	LMT
Pacific/Auckland	0	43200	NZST
Pacific/Auckland	1704067200	46800	NZDT
Pacific/Auckland	1719792000	43200	NZST
Pacific/Auckland	4102444800	46800	NZDT
Pacific/Auckland	4118083200	43200	NZST
Pacific/Auckland	9223372036854775807	46800	NZDT
Pacific/Bougainville	-9223372036854775808	37336	LMT
Pacific/Bougainville	-62167219200	37336	LMT
Pacific/Bougainville	0	36000	+10
Pacific/Bougainville	1704067200	39600	+11
Pacific/Bougainville	1719792000	39600	+11
Pacific/Bougainville	4102444800	39600	+11
Pacific/Bougainville	4118083200	39600	+11
Pacific/Bougainville	9223372036854775807	39600	+11
Pacific/Chatham	-9223372036854775808	44028	LMT
Pacific/Chatham	-62167219200	44028	LMT
Pacific/Chatham	0	45900	+1245
Pacific/Chatham	1704067200	49500	+1345
Pacific/Chatham	1719792000	45900	+1245
Pacific/Chatham	4102444800	49500	+1345
Pacific/Chatham	4118083200	45900	+1245
Pacific/Chatham	9223372036854775807	49500	+1345
Pacific/Chuuk	-9223372036854775808	-49972	LMT
Pacific/Chuuk	-62167219200	-49972	LMT
Pacific/Chuuk	0	36000	+10
Pacific/Chuuk	1704067200	36000	+10
Pacific/Chuuk	1719792000	36000	+10
Pacific/Chuuk	4102444800	36000	+10
Pacific/Chuuk	4118083200	36000	+10
Pacific/Chuuk	9223372036854775807	36000	+10
Pacific/Easter	-9223372036854775808	-26248	LMT
Pacific/Easter	-62167219200	-26248	LMT
Pacific/Easter	0	-21600	-06
Pacific/Easter	1704067200	-18000	-05
Pacific/Easter	1719792000	-21600	-06
Pacific/Easter	4102444800	-18000	-05
Pacific/Easter	4118083200	-21600	-06
Pacific/Easter	9223372036854775807	-18000	-05
Pacific/Efate	-9223372036854775808	40396	LMT
Pacific/Efate	-62167219200	40396	LMT
Pacific/Efate	0	39600	+11
Pacific/Efate	1704067200	39600	+11
Pacific/Efate	1719792000	39600	+11
Pacific/Efate	4102444800	39600	+11
Pacific/Efate	4118083200	39600	+11
Pacific/Efate	9223372036854775807	39600	+11
Pacific/Enderbury	-9223372036854775808	0	-00
Pacific/Enderbury	-62167219200	0	-00
Pacific/Enderbury	0	-43200	-12
Pacific/Enderbury	1704067200	46800	+13
Pacific/Enderbury	1719792000	46800	+13
Pacific/Enderbury	4102444800	46800	+13
Pacific/Enderbury	4118083200	46800	+13
Pacific/Enderbury	9223372036854775807	46800	+13
Pacific/Fakaofo	-9223372036854775808	-41096	LMT
Pacific/Fakaofo	-62167219200	-41096	LMT
Pacific/Fakaofo	0	-39600	-11
Pacific/Fakaofo	1704067200	46800	+13
Pacific/Fakaofo	1719792000	46800	+13
Pacific/Fakaofo	4102444800	46800	+13
Pacific/Fakaofo	4118083200	46800	+13
Pacific/Fakaofo	9223372036854775807	46800	+13
Pacific/Fiji	-9223372036854775808	42944	LMT
Pacific/Fiji	-62167219200	42944	LMT
Pacific/Fiji	0	43200	+12
Pacific/Fiji	1704067200	43200	+12
Pacific/Fiji	1719792000	43200	+12
Pacific/Fiji	4102444800	43200	+12
Pacific/Fiji	4118083200	43200	+12
Pacific/Fiji	9223372036854775807	43200	+12
Pacific/Funafuti	-9223372036854775808	43012	LMT
Pacific/Funafuti	-62167219200	43012	LMT
Pacific/Funafuti	0	43200	+12
Pacific/Funafuti	1704067200	43200	+12
Pacific/Funafuti	1719792000	43200	+12
Pacific/Funafuti	4102444800	43200	+12
Pacific/Funafuti	4118083200	43200	+12
Pacific/Funafuti	9223372036854775807	43200	+12
Pacific/Galapagos	-9223372036854775808	-21504	LMT
Pacific/Galapagos	-62167219200	-21504	LMT
Pacific/Galapagos	0	-18000	-05
Pacific/Galapagos	1704067200	-21600	-06
Pacific/Galapagos	1719792000	-21600	-06
Pacific/Galapagos	4102444800	-21600	-06
Pacific/Galapagos	4118083200	-21600	-06
Pacific/Galapagos	9223372036854775807	-21600	-06
Pacific/Gambier	-9223372036854775808	-32388	LMT
Pacific/Gambier	-62167219200	-32388	LMT
Pacific/Gambier	0	-32400	-09
Pacific/Gambier	1704067200	-32400	-09
Pacific/Gambier	1719792000	-32400	-09
Pacific/Gambier	4102444800	-32400	-09
Pacific/Gambier	4118083200	-32400	-09
Pacific/Gambier	9223372036854775807	-32400	-09
Pacific/Guadalcanal	-9223372036854775808	38388	LMT
Pacific/Guadalcanal	-62167219200	38388	LMT
Pacific/Guadalcanal	0	39600	+11
Pacific/Guadalcanal	1704067200	39600	+11
Pacific/Guadalcanal	1719792000	39600	+11
Pacific/Guadalcanal	4102444800	39600	+11
Pacific/Guadalcanal	4118083200	39600	+11
Pacific/Guadalcanal	9223372036854775807	39600	+11
Pacific/Guam	-9223372036854775808	-51660	LMT
Pacific/Guam	-62167219200	-51660	LMT
Pacific/Guam	0	36000	GST
Pacific/Guam	1704067200	36000	ChST
Pacific/Guam	1719792000	36000	ChST
Pacific/Guam	4102444800	36000	ChST
Pacific/Guam	4118083200	36000	ChST
Pacific/Guam	9223372036854775807	36000	ChST
Pacific/Honolulu	-9223372036854775808	-37886	LMT
Pacific/Honolulu	-62167219200	-37886	LMT
Pacific/Honolulu	0	-36000	HST
Pacific/Honolulu	1704067200	-36000	HST
Pacific/Honolulu	1719792000	-36000	HST
Pacific/Honolulu	4102444800	-36000	HST
Pacific/Honolulu	4118083200	-36000	HST
Pacific/Honolulu	9223372036854775807	-36000	HST
Pacific/Johnston	-9223372036854775808	-37886	LMT
Pacific/Johnston	-62167219200	-37886	LMT
Pacific/Johnston	0	-36000	HST
Pacific/Johnston	1704067200	-36000	HST
Pacific/Johnston	1719792000	-36000	HST
Pacific/Johnston	4102444800	-36000	HST
Pacific/Johnston	4118083200	-36000	HST
Pacific/Johnston	9223372036854775807	-36000	HST
Pacific/Kanton	-9223372036854775808	0	-00
Pacific/Kanton	-62167219200	0	-00
Pacific/Kanton	0	-43200	-12
Pacific/Kanton	1704067200	46800	+13
Pacific/Kanton	1719792000	46800	+13
Pacific/Kanton	4102444800	46800	+13
Pacific/Kanton	4118083200	46800	+13
Pacific/Kanton	9223372036854775807	46800	+13
Pacific/Kiritimati	-9223372036854775808	-37760	LMT
Pacific/Kiritimati	-62167219200	-37760	LMT
Pacific/Kiritimati	0	-38400	-1040
Pacific/Kiritimati	1704067200	50400	+14
Pacific/Kiritimati	1719792000	50400	+14
Pacific/Kiritimati	4102444800	50400	+14
Pacific/Kiritimati	4118083200	50400	+14
Pacific/Kiritimati	9223372036854775807	50400	+14
Pacific/Kosrae	-9223372036854775808	-47284	LMT
Pacific/Kosrae	-62167219200	-47284	LMT
Pacific/Kosrae	0	43200	+12
Pacific/Kosrae	1704067200	39600	+11
Pacific/Kosrae	1719792000	39600	+11
Pacific/Kosrae	4102444800	39600	+11
Pacific/Kosrae	4118083200	39600	+11
Pacific/Kosrae	9223372036854775807	39600	+11
Pacific/Kwajalein	-9223372036854775808	40160	LMT
Pacific/Kwajalein	-62167219200	40160	LMT
Pacific/Kwajalein	0	-43200	-12
Pacific/Kwajalein	1704067200	43200	+12
Pacific/Kwajalein	1719792000	43200	+12
Pacific/Kwajalein	4102444800	43200	+12
Pacific/Kwajalein	4118083200	43200	+12
Pacific/Kwajalein	9223372036854775807	43200	+12
Pacific/Majuro	-9223372036854775808	41088	LMT
Pacific/Majuro	-62167219200	41088	LMT
Pacific/Majuro	0	43200	+12
Pacific/Majuro	1704067200	43200	+12
Pacific/Majuro	1719792000	43200	+12
Pacific/Majuro	4102444800	43200	+12
Pacific/Majuro	4118083200	43200	+12
Pacific/Majuro	9223372036854775807	43200	+12
Pacific/Marquesas	-9223372036854775808	-33480	LMT
Pacific/Marquesas	-62167219200	-33480	LMT
Pacific/Marquesas	0	-34200	-0930
Pacific/Marquesas	1704067200	-34200	-0930
Pacific/Marquesas	1719792000	-34200	-0930
Pacific/Marquesas	4102444800	-34200	-0930
Pacific/Marquesas	4118083200	-34200	-0930
Pacific/Marquesas	9223372036854775807	-34200	-0930
Pacific/Midway	-9223372036854775808	-42568	LMT
Pacific/Midway	-62167219200	-42568	LMT
Pacific/Midway	0	-39600	SST
Pacific/Midway	1704067200	-39600	SST
Pacific/Midway	1719792000	-39600	SST
Pacific/Midway	4102444800	-39600	SST
Pacific/Midway	4118083200	-39600	SST
Pacific/Midway	9223372036854775807	-39600	SST
Pacific/Nauru	-9223372036854775808	40060	LMT
Pacific/Nauru	-62167219200	40060	LMT
Pacific/Nauru	0	41400	+1130
Pacific/Nauru	1704067200	43200	+12
Pacific/Nauru	1719792000	43200	+12
Pacific/Nauru	4102444800	43200	+12
Pacific/Nauru	4118083200	43200	+12
Pacific/Nauru	9223372036854775807	43200	+12
Pacific/Niue	-9223372036854775808	-40780	LMT
Pacific/Niue	-62167219200	-40780	LMT
Pacific/Niue	0	-39600	-11
Pacific/Niue	1704067200	-39600	-11
Pacific/Niue	1719792000	-39600	-11
Pacific/Niue	4102444800	-39600	-11
Pacific/Niue	4118083200	-39600	-11
Pacific/Niue	9223372036854775807	-39600	-11
Pacific/Norfolk	-9223372036854775808	40312	LMT
Pacific/Norfolk	-62167219200	40312	LMT
Pacific/Norfolk	0	41400	+1130
Pacific/Norfolk	1704067200	43200	+12
Pacific/Norfolk	1719792000	39600	+11
Pacific/Norfolk	4102444800	43200	+12
Pacific/Norfolk	4118083200	39600	+11
Pacific/Norfolk	9223372036854775807	43200	+12
Pacific/Noumea	-9223372036854775808	39948	LMT
Pacific/Noumea	-62167219200	39948	LMT
Pacific/Noumea	0	39600	+11
Pacific/Noumea	1704067200	39600	+11
Pacific/Noumea	1719792000	39600	+11
Pacific/Noumea	4102444800	39600	+11
Pacific/Noumea	4118083200	39600	+11
Pacific/Noumea	9223372036854775807	39600	+11
Pacific/Pago_Pago	-9223372036854775808	45432	LMT
Pacific/Pago_Pago	-62167219200	45432	LMT
Pacific/Pago_Pago	0	-39600	SST
Pacific/Pago_Pago	1704067200	-39600	SST
Pacific/Pago_Pago	1719792000	-39600	SST
Pacific/Pago_Pago	4102444800	-39600	SST
Pacific/Pago_Pago	4118083200	-39600	SST
Pacific/Pago_Pago	9223372036854775807	-39600	SST
Pacific/Palau	-9223372036854775808	-54124	LMT
Pacific/Palau	-62167219200	-54124	LMT
Pacific/Palau	0	32400	+09
Pacific/Palau	1704067200	32400	+09
Pacific/Palau	1719792000	32400	+09
Pacific/Palau	4102444800	32400	+09
Pacific/Palau	4118083200	32400	+09
Pacific/Palau	9223372036854775807	32400	+09
Pacific/Pitcairn	-9223372036854775808	-31220	LMT
Pacific/Pitcairn	-62167219200	-31220	LMT
Pacific/Pitcairn	0	-30600	-0830
Pacific/Pitcairn	1704067200	-28800	-08
Pacific/Pitcairn	1719792000	-28800	-08
Pacific/Pitcairn	4102444800	-28800	-08
Pacific/Pitcairn	4118083200	-28800	-08
Pacific/Pitcairn	9223372036854775807	-28800	-08
Pacific/Pohnpei	-9223372036854775808	-48428	LMT
Pacific/Pohnpei	-62167219200	-48428	LMT
Pacific/Pohnpei	0	39600	+11
Pacific/Pohnpei	1704067200	39600	+11
Pacific/Pohnpei	1719792000	39600	+11
Pacific/Pohnpei	4102444800	39600	+11
Pacific/Pohnpei	4118083200	39600	+11
Pacific/Pohnpei	9223372036854775807	39600	+11
Pacific/Ponape	-9223372036854775808	38388	LMT
Pacific/Ponape	-62167219200	38388	LMT
Pacific/Ponape	0	39600	+11
Pacific/Ponape	1704067200	39600	+11
Pacific/Ponape	1719792000	39600	+11
Pacific/Ponape	4102444800	39600	+11
Pacific/Ponape	4118083200	39600	+11
Pacific/Ponape	9223372036854775807	39600	+11
Pacific/Port_Moresby	-9223372036854775808	35320	LMT
Pacific/Port_Moresby	-62167219200	35320	LMT
Pacific/Port_Moresby	0	36000	+10
Pacific/Port_Moresby	1704067200	36000	+10
Pacific/Port_Moresby	1719792000	36000	+10
Pacific/Port_Moresby	4102444800	36000	+10
Pacific/Port_Moresby	4118083200	36000	+10
Pacific/Port_Moresby	9223372036854775807	36000	+10
Pacific/Rarotonga	-9223372036854775808	48056	LMT
Pacific/Rarotonga	-62167219200	48056	LMT
Pacific/Rarotonga	0	-37800	-1030
Pacific/Rarotonga	1704067200	-36000	-10
Pacific/Rarotonga	1719792000	-36000	-10
Pacific/Rarotonga	4102444800	-36000	-10
Pacific/Rarotonga	4118083200	-36000	-10
Pacific/Rarotonga	9223372036854775807	-36000	-10
Pacific/Saipan	-9223372036854775808	-51420	LMT
Pacific/Saipan	-62167219200	-51420	LMT
Pacific/Saipan	0	36000	GST
Pacific/Saipan	1704067200	36000	ChST
Pacific/Saipan	1719792000	36000	ChST
Pacific/Saipan	4102444800	36000	ChST
Pacific/Saipan	4118083200	36000	ChST
Pacific/Saipan	9223372036854775807	36000	ChST
Pacific/Samoa	-9223372036854775808	45432	LMT
Pacific/Samoa	-62167219200	45432	LMT
Pacific/Samoa	0	-39600	SST
Pacific/Samoa	1704067200	-39600	SST
Pacific/Samoa	1719792000	-39600	SST
Pacific/Samoa	4102444800	-39600	SST
Pacific/Samoa	4118083200	-39600	SST
Pacific/Samoa	9223372036854775807	-39600	SST
Pacific/Tahiti	-9223372036854775808	-35896	LMT
Pacific/Tahiti	-62167219200	-35896	LMT
Pacific/Tahiti	0	-36000	-10
Pacific/Tahiti	1704067200	-36000	-10
Pacific/Tahiti	1719792000	-36000	-10
Pacific/Tahiti	4102444800	-36000	-10
Pacific/Tahiti	4118083200	-36000	-10
Pacific/Tahiti	9223372036854775807	-36000	-10
Pacific/Tarawa	-9223372036854775808	41524	LMT
Pacific/Tarawa	-62167219200	41524	LMT
Pacific/Tarawa	0	43200	+12
Pacific/Tarawa	1704067200	43200	+12
Pacific/Tarawa	1719792000	43200	+12
Pacific/Tarawa	4102444800	43200	+12
Pacific/Tarawa	4118083200	43200	+12
Pacific/Tarawa	9223372036854775807	43200	+12
Pacific/Tongatapu	-9223372036854775808	44352	LMT
Pacific/Tongatapu	-62167219200	44352	LMT
Pacific/Tongatapu	0	46800	+13
Pacific/Tongatapu	1704067200	46800	+13
Pacific/Tongatapu	1719792000	46800	+13
Pacific/Tongatapu	4102444800	46800	+13
Pacific/Tongatapu	4118083200	46800	+13
Pacific/Tongatapu	9223372036854775807	46800	+13
Pacific/Truk	-9223372036854775808	35320	LMT
Pacific/Truk	-62167219200	35320	LMT
Pacific/Truk	0	36000	+10
Pacific/Truk	1704067200	36000	+10
Pacific/Truk	1719792000	36000	+10
Pacific/Truk	4102444800	36000	+10
Pacific/Truk	4118083200	36000	+10
Pacific/Truk	9223372036854775807	36000	+10
Pacific/Wake	-9223372036854775808	39988	LMT
Pacific/Wake	-62167219200	39988	LMT
Pacific/Wake	0	43200	+12
Pacific/Wake	1704067200	43200	+12
Pacific/Wake	1719792000	43200	+12
Pacific/Wake	4102444800	43200	+12
Pacific/Wake	4118083200	43200	+12
Pacific/Wake	9223372036854775807	43200	+12
Pacific/Wallis	-9223372036854775808	44120	LMT
Pacific/Wallis	-62167219200	44120	LMT
Pacific/Wallis	0	43200	+12
Pacific/Wallis	1704067200	43200	+12
Pacific/Wallis	1719792000	43200	+12
Pacific/Wallis	4102444800	43200	+12
Pacific/Wallis	4118083200	43200	+12
Pacific/Wallis	9223372036854775807	43200	+12
Pacific/Yap	-9223372036854775808	35320	LMT
Pacific/Yap	-62167219200	35320	LMT
Pacific/Yap	0	36000	+10
Pacific/Yap	1704067200	36000	+10
Pacific/Yap	1719792000	36000	+10
Pacific/Yap	4102444800	36000	+10
Pacific/Yap	4118083200	36000	+10
Pacific/Yap	9223372036854775807	36000	+10
Poland	-9223372036854775808	5040	LMT
Poland	-62167219200	5040	LMT
Poland	0	3600	CET
Poland	1704067200	3600	CET
Poland	1719792000	7200	CEST
Poland	4102444800	3600	CET
Poland	4118083200	7200	CEST
Poland	9223372036854775807	3600	CET
Portugal	-9223372036854775808	-2205	LMT
Portugal	-62167219200	-2205	LMT
Portugal	0	3600	CET
Portugal	1704067200	0	WET
Portugal	1719792000	3600	WEST
Portugal	4102444800	0	WET
Portugal	4118083200	3600	WEST
Portugal	9223372036854775807	0	WET
ROC	-9223372036854775808	29160	LMT
ROC	-62167219200	29160	LMT
ROC	0	28800	CST
ROC	1704067200	28800	CST
ROC	1719792000	28800	CST
ROC	4102444800	28800	CST
ROC	4118083200	28800	CST
ROC	9223372036854775807	28800	CST
ROK	-9223372036854775808	30472	LMT
ROK	-62167219200	30472	LMT
ROK	0	32400	KST
ROK	1704067200	32400	KST
ROK	1719792000	32400	KST
ROK	4102444800	32400	KST
ROK	4118083200	32400	KST
ROK	9223372036854775807	32400	KST
Singapore	-9223372036854775808	24925	LMT
Singapore	-62167219200	24925	LMT
Singapore	0	27000	+0730
Singapore	1704067200	28800	+08
Singapore	1719792000	28800	+08
Singapore	4102444800	28800	+08
Singapore	4118083200	28800	+08
Singapore	9223372036854775807	28800	+08
Turkey	-9223372036854775808	6952	LMT
Turkey	-62167219200	6952	LMT
Turkey	0	7200	EET
Turkey	1704067200	10800	+03
Turkey	1719792000	10800	+03
Turkey	4102444800	10800	+03
Turkey	4118083200	10800	+03
Turkey	9223372036854775807	10800	+03
UCT	-9223372036854775808	0	UTC
UCT	-62167219200	0	UTC
UCT	0	0	UTC
UCT	1704067200	0	UTC
UCT	1719792000	0	UTC
UCT	4102444800	0	UTC
UCT	4118083200	0	UTC
UCT	9223372036854775807	0	UTC
US/Alaska	-9223372036854775808	50424	LMT
US/Alaska	-62167219200	50424	LMT
US/Alaska	0	-36000	AHST
US/Alaska	1704067200	-32400	AKST
US/Alaska	1719792000	-28800	AKDT
US/Alaska	4102444800	-32400	AKST
US/Alaska	4118083200	-28800	AKDT
US/Alaska	9223372036854775807	-32400	AKST
US/Aleutian	-9223372036854775808	44002	LMT
US/Aleutian	-62167219200	44002	LMT
US/Aleutian	0	-39600	BST
US/Aleutian	1704067200	-36000	HST
US/Aleutian	1719792000	-32400	HDT
US/Aleutian	4102444800	-36000	HST
US/Aleutian	4118083200	-32400	HDT
US/Aleutian	9223372036854775807	-36000	HST
US/Arizona	-9223372036854775808	-26898	LMT
US/Arizona	-62167219200	-26898	LMT
US/Arizona	0	-25200	MST
US/Arizona	1704067200	-25200	MST
US/Arizona	1719792000	-25200	MST
US/Arizona	4102444800	-25200	MST
US/Arizona	4118083200	-25200	MST
US/Arizona	9223372036854775807	-25200	MST
US/Central	-9223372036854775808	-21036	LMT
US/Central	-62167219200	-21036	LMT
US/Central	0	-21600	CST
US/Central	1704067200	-21600	CST
US/Central	1719792000	-18000	CDT
US/Central	4102444800	-21600	CST
US/Central	4118083200	-18000	CDT
US/Central	9223372036854775807	-21600	CST
US/East-Indiana	-9223372036854775808	-20678	LMT
US/East-Indiana	-62167219200	-20678	LMT
US/East-Indiana	0	-18000	EST
US/East-Indiana	1704067200	-18000	EST
US/East-Indiana	1719792000	-14400	EDT
US/East-Indiana	4102444800	-18000	EST
US/East-Indiana	4118083200	-14400	EDT
US/East-Indiana	9223372036854775807	-18000	EST
US/Eastern	-9223372036854775808	-17762	LMT
US/Eastern	-62167219200	-17762	LMT
US/Eastern	0	-18000	EST
US/Eastern	1704067200	-18000	EST
US/Eastern	1719792000	-14400	EDT
US/Eastern	4102444800	-18000	EST
US/Eastern	4118083200	-14400	EDT
US/Eastern	9223372036854775807	-18000	EST
US/Hawaii	-9223372036854775808	-37886	LMT
US/Hawaii	-62167219200	-37886	LMT
US/Hawaii	0	-36000	HST
US/Hawaii	1704067200	-36000	HST
US/Hawaii	1719792000	-36000	HST
US/Hawaii	4102444800	-36000	HST
US/Hawaii	4118083200	-36000	HST
US/Hawaii	9223372036854775807	-36000	HST
US/Indiana-Starke	-9223372036854775808	-20790	LMT
US/Indiana-Starke	-62167219200	-20790	LMT
US/Indiana-Starke	0	-21600	CST
US/Indiana-Starke	1704067200	-21600	CST
US/Indiana-Starke	1719792000	-18000	CDT
US/Indiana-Starke	4102444800	-21600	CST
US/Indiana-Starke	4118083200	-18000	CDT
US/Indiana-Starke	9223372036854775807	-21600	CST
US/Michigan	-9223372036854775808	-19931	LMT
US/Michigan	-62167219200	-19931	LMT
US/Michigan	0	-18000	EST
US/Michigan	1704067200	-18000	EST
US/Michigan	1719792000	-14400	EDT
US/Michigan	4102444800	-18000	EST
US/Michigan	4118083200	-14400	EDT
US/Michigan	9223372036854775807	-18000	EST
US/Mountain	-9223372036854775808	-25196	LMT
US/Mountain	-62167219200	-25196	LMT
US/Mountain	0	-25200	MST
US/Mountain	1704067200	-25200	MST
US/Mountain	1719792000	-21600	MDT
US/Mountain	4102444800	-25200	MST
US/Mountain	4118083200	-21600	MDT
US/Mountain	9223372036854775807	-25200	MST
US/Pacific	-9223372036854775808	-28378	LMT
US/Pacific	-62167219200	-28378	LMT
US/Pacific	0	-28800	PST
US/Pacific	1704067200	-28800	PST
US/Pacific	1719792000	-25200	PDT
US/Pacific	4102444800	-28800	PST
US/Pacific	4118083200	-25200	PDT
US/Pacific	9223372036854775807	-28800	PST
US/Samoa	-9223372036854775808	45432	LMT
US/Samoa	-62167219200	45432	LMT
US/Samoa	0	-39600	SST
US/Samoa	1704067200	-39600	SST
US/Samoa	1719792000	-39600	SST
US/Samoa	4102444800	-39600	SST
US/Samoa	4118083200	-39600	SST
US/Samoa	9223372036854775807	-39600	SST
UTC	-9223372036854775808	0	UTC
UTC	-62167219200	0	UTC
UTC	0	0	UTC
UTC	1704067200	0	UTC
UTC	1719792000	0	UTC
UTC	4102444800	0	UTC
UTC	4118083200	0	UTC
UTC	9223372036854775807	0	UTC
Universal	-9223372036854775808	0	UTC
Universal	-62167219200	0	UTC
Universal	0	0	UTC
Universal	1704067200	0	UTC
Universal	1719792000	0	UTC
Universal	4102444800	0	UTC
Universal	4118083200	0	UTC
Universal	9223372036854775807	0	UTC
W-SU	-9223372036854775808	9017	LMT
W-SU	-62167219200	9017	LMT
W-SU	0	10800	MSK
W-SU	1704067200	10800	MSK
W-SU	1719792000	10800	MSK
W-SU	4102444800	10800	MSK
W-SU	4118083200	10800	MSK
W-SU	9223372036854775807	10800	MSK
WET	-9223372036854775808	-2205	LMT
WET	-62167219200	-2205	LMT
WET	0	3600	CET
WET	1704067200	0	WET
WET	1719792000	3600	WEST
WET	4102444800	0	WET
WET	4118083200	3600	WEST
WET	9223372036854775807	0	WET
Zulu	-9223372036854775808	0	UTC
Zulu	-62167219200	0	UTC
Zulu	0	0	UTC
Zulu	1704067200	0	UTC
Zulu	1719792000	0	UTC
Zulu	4102444800	0	UTC
Zulu	4118083200	0	UTC
Zulu	9223372036854775807	0	UTC
